==================================================
OpticTrigeminal v3.0.0 - Artificial Cognition Kernel
Native AI Operating Environment
==================================================

Initializing system...
[HTTPServer] Loading datasets from data...
[DataLoader] Processing: data/multimodal.jsonl
[DataLoader] Loaded 0 records from data/multimodal.jsonl
[DataLoader] Processing: data/876a62c3372dc19e5a403a6a08426cdc26263dc3
[DataLoader] Processing: data/876a62c3372dc19e5a403a6a08426cdc26263dc3/README.md
[DataLoader] Processing: data/876a62c3372dc19e5a403a6a08426cdc26263dc3/.gitattributes
[DataLoader] Processing: data/84163282fb65364ec1e30e0040d0b1cdcbd119e1
[DataLoader] Processing: data/84163282fb65364ec1e30e0040d0b1cdcbd119e1/train.jsonl
[DataLoader] Loaded 0 records from data/84163282fb65364ec1e30e0040d0b1cdcbd119e1/train.jsonl
[DataLoader] Processing: data/training5.jsonl
[DataLoader] Loaded 0 records from data/training5.jsonl
[DataLoader] Processing: data/artifacts
[DataLoader] Processing: data/artifacts/tooling
[DataLoader] Processing: data/artifacts/logic
[DataLoader] Processing: data/artifacts/stem_qa
[DataLoader] Processing: data/artifacts/multimodal
[DataLoader] Processing: data/artifacts/coding
[DataLoader] Processing: data/artifacts/self_knowledge
[DataLoader] Processing: data/.DS_Store
[DataLoader] Processing: data/self_knowledge.jsonl
[DataLoader] Loaded 0 records from data/self_knowledge.jsonl
[DataLoader] Processing: data/training1.jsonl
[DataLoader] Loaded 314 records from data/training1.jsonl
[DataLoader] Processing: data/training3.jsonl
[DataLoader] Loaded 396 records from data/training3.jsonl
[DataLoader] Processing: data/tooling.jsonl
[DataLoader] Loaded 396 records from data/tooling.jsonl
[DataLoader] Processing: data/training4.jsonl
[DataLoader] Loaded 396 records from data/training4.jsonl
[DataLoader] Processing: data/checkpoints
[DataLoader] Processing: data/checkpoints/stage_2
[DataLoader] Processing: data/checkpoints/stage_2/checkpoint_stage_2_3.ckpt
[DataLoader] Processing: data/checkpoints/stage_3
[DataLoader] Processing: data/checkpoints/stage_3/checkpoint_stage_3_4.ckpt
[DataLoader] Processing: data/checkpoints/stage_4
[DataLoader] Processing: data/checkpoints/stage_4/checkpoint_stage_4_5.ckpt
[DataLoader] Processing: data/checkpoints/stage_1
[DataLoader] Processing: data/checkpoints/stage_1/checkpoint_stage_1_2.ckpt
[DataLoader] Processing: data/checkpoints/stage_0
[DataLoader] Processing: data/checkpoints/stage_0/checkpoint_stage_0_1.ckpt
[DataLoader] Processing: data/training6.jsonl
[DataLoader] Loaded 396 records from data/training6.jsonl
[DataLoader] Processing: data/training2.jsonl
[DataLoader] Loaded 490 records from data/training2.jsonl
[DataLoader] Processing: data/training.jsonl
[DataLoader] Loaded 500 records from data/training.jsonl
[DataLoader] Processing: data/algorithms_and_patterns.jsonl
[DataLoader] Loaded 1500 records from data/algorithms_and_patterns.jsonl
[DataLoader] Processing: data/legal_courts.jsonl
[DataLoader] Loaded 1500 records from data/legal_courts.jsonl
[DataLoader] Processing: data/edge_devices.jsonl
[DataLoader] Loaded 1500 records from data/edge_devices.jsonl
[DataLoader] Processing: data/axon_self_knowledge.jsonl
[DataLoader] Loaded 1569 records from data/axon_self_knowledge.jsonl
[DataLoader] Processing: data/stem_qa.json
[DataLoader] Loaded 1579 records from data/stem_qa.json
[DataLoader] Processing: data/medical_research.jsonl
[DataLoader] Loaded 1579 records from data/medical_research.jsonl
[DataLoader] Processing: data/ruby_php_languages.jsonl
[DataLoader] Loaded 2579 records from data/ruby_php_languages.jsonl
[DataLoader] Processing: data/coding_fundamentals.jsonl
[DataLoader] Loaded 3579 records from data/coding_fundamentals.jsonl
[DataLoader] Processing: data/584cf17b304220f1396d64da8e67c84acca0d819
[DataLoader] Processing: data/584cf17b304220f1396d64da8e67c84acca0d819/brainstorming_num-10000_depth-1_prune_filter.json
[DataLoader] Loaded 12481 records from data/584cf17b304220f1396d64da8e67c84acca0d819/brainstorming_num-10000_depth-1_prune_filter.json
[DataLoader] Processing: data/584cf17b304220f1396d64da8e67c84acca0d819/README.md
[DataLoader] Processing: data/584cf17b304220f1396d64da8e67c84acca0d819/.gitattributes
Data loading complete:
  Files: 20
  Records: 12481
  Failed: 132
  Tokens: 79052
[HTTPServer] Datasets loaded. Building vocabulary...
[HTTPServer] Vocabulary built (size: 79099). Setting sequence decoder...
[HTTPServer] Loading training data into knowledge graph...
Building knowledge graph from 12481 examples...
  Processed 100 / 12481 examples...
  Processed 200 / 12481 examples...
  Processed 300 / 12481 examples...
  Processed 400 / 12481 examples...
  Processed 500 / 12481 examples...
  Processed 600 / 12481 examples...
  Processed 700 / 12481 examples...
  Processed 800 / 12481 examples...
  Processed 900 / 12481 examples...
  Processed 1000 / 12481 examples...
  Processed 1100 / 12481 examples...
  Processed 1200 / 12481 examples...
  Processed 1300 / 12481 examples...
  Processed 1400 / 12481 examples...
  Processed 1500 / 12481 examples...
  Processed 1600 / 12481 examples...
  Processed 1700 / 12481 examples...
  Processed 1800 / 12481 examples...
  Processed 1900 / 12481 examples...
  Processed 2000 / 12481 examples...
  Processed 2100 / 12481 examples...
  Processed 2200 / 12481 examples...
  Processed 2300 / 12481 examples...
  Processed 2400 / 12481 examples...
  Processed 2500 / 12481 examples...
  Processed 2600 / 12481 examples...
  Processed 2700 / 12481 examples...
  Processed 2800 / 12481 examples...
  Processed 2900 / 12481 examples...
  Processed 3000 / 12481 examples...
  Processed 3100 / 12481 examples...
  Processed 3200 / 12481 examples...
  Processed 3300 / 12481 examples...
  Processed 3400 / 12481 examples...
  Processed 3500 / 12481 examples...
  Processed 3600 / 12481 examples...
  Processed 3700 / 12481 examples...
  Processed 3800 / 12481 examples...
  Processed 3900 / 12481 examples...
  Processed 4000 / 12481 examples...
  Processed 4100 / 12481 examples...
  Processed 4200 / 12481 examples...
  Processed 4300 / 12481 examples...
  Processed 4400 / 12481 examples...
  Processed 4500 / 12481 examples...
  Processed 4600 / 12481 examples...
  Processed 4700 / 12481 examples...
  Processed 4800 / 12481 examples...
  Processed 4900 / 12481 examples...
  Processed 5000 / 12481 examples...
  Processed 5100 / 12481 examples...
  Processed 5200 / 12481 examples...
  Processed 5300 / 12481 examples...
  Processed 5400 / 12481 examples...
  Processed 5500 / 12481 examples...
  Processed 5600 / 12481 examples...
  Processed 5700 / 12481 examples...
  Processed 5800 / 12481 examples...
  Processed 5900 / 12481 examples...
  Processed 6000 / 12481 examples...
  Processed 6100 / 12481 examples...
  Processed 6200 / 12481 examples...
  Processed 6300 / 12481 examples...
  Processed 6400 / 12481 examples...
  Processed 6500 / 12481 examples...
  Processed 6600 / 12481 examples...
  Processed 6700 / 12481 examples...
  Processed 6800 / 12481 examples...
  Processed 6900 / 12481 examples...
  Processed 7000 / 12481 examples...
  Processed 7100 / 12481 examples...
  Processed 7200 / 12481 examples...
  Processed 7300 / 12481 examples...
  Processed 7400 / 12481 examples...
  Processed 7500 / 12481 examples...
  Processed 7600 / 12481 examples...
  Processed 7700 / 12481 examples...
  Processed 7800 / 12481 examples...
  Processed 7900 / 12481 examples...
  Processed 8000 / 12481 examples...
  Processed 8100 / 12481 examples...
  Processed 8200 / 12481 examples...
  Processed 8300 / 12481 examples...
  Processed 8400 / 12481 examples...
  Processed 8500 / 12481 examples...
  Processed 8600 / 12481 examples...
  Processed 8700 / 12481 examples...
  Processed 8800 / 12481 examples...
  Processed 8900 / 12481 examples...
  Processed 9000 / 12481 examples...
  Processed 9100 / 12481 examples...
  Processed 9200 / 12481 examples...
  Processed 9300 / 12481 examples...
  Processed 9400 / 12481 examples...
  Processed 9500 / 12481 examples...
  Processed 9600 / 12481 examples...
  Processed 9700 / 12481 examples...
  Processed 9800 / 12481 examples...
  Processed 9900 / 12481 examples...
  Processed 10000 / 12481 examples...
  Processed 10100 / 12481 examples...
  Processed 10200 / 12481 examples...
  Processed 10300 / 12481 examples...
  Processed 10400 / 12481 examples...
  Processed 10500 / 12481 examples...
  Processed 10600 / 12481 examples...
  Processed 10700 / 12481 examples...
  Processed 10800 / 12481 examples...
  Processed 10900 / 12481 examples...
  Processed 11000 / 12481 examples...
  Processed 11100 / 12481 examples...
  Processed 11200 / 12481 examples...
  Processed 11300 / 12481 examples...
  Processed 11400 / 12481 examples...
  Processed 11500 / 12481 examples...
  Processed 11600 / 12481 examples...
  Processed 11700 / 12481 examples...
  Processed 11800 / 12481 examples...
  Processed 11900 / 12481 examples...
  Processed 12000 / 12481 examples...
  Processed 12100 / 12481 examples...
  Processed 12200 / 12481 examples...
  Processed 12300 / 12481 examples...
  Processed 12400 / 12481 examples...
Knowledge graph built: 32278 nodes
Episodic memory: 12481 episodes stored
Training records integrated: 12481
  RAG-DAG: Integrated 5000 / 32278 nodes...
  RAG-DAG: Integrated 10000 / 32278 nodes...
  RAG-DAG: Integrated 15000 / 32278 nodes...
  RAG-DAG: Integrated 20000 / 32278 nodes...
  RAG-DAG: Integrated 25000 / 32278 nodes...
  RAG-DAG: Integrated 30000 / 32278 nodes...
  RAG-DAG: Added 5000 / 12730 edges...
  RAG-DAG: Added 10000 / 12730 edges...
  RAG-DAG: Merged 5000 / 12481 episodes...
  RAG-DAG: Merged 10000 / 12481 episodes...
RAG-DAG System initialized: 44759 nodes, 12730 edges
Server initialized successfully
  Vocab size: 79099
  Graph nodes: 32278
  Episodic memory: 12481
  Context window: 4096 tokens
Starting HTTP server...
Starting Debug server...
[DebugServer] Started on port 6969

==================================================
Server Status:
  HTTP Endpoint: http://localhost:8080
  Debug Endpoint: http://localhost:6969
  API Version: 3.0.0
  Mode: Native Inference with Full System Transparency
==================================================

Main API Endpoints (port 8080):
  POST   /api/inference/native/infer
  GET    /api/inference/native/status
  POST   /api/inference/native/learn
  GET    /health

Debug API Endpoints (port 6969):
  GET    /api/vfs/tree          (Process hierarchy)
  GET    /api/reasoning/trace   (Reasoning chains)
  GET    /api/load              (System metrics)
  GET    /api/debug/{pid}       (Failure analysis)
  GET    /api/horizon/plan      (Task timeline)
  GET    /api/agents/tasks      (Agent coordination)

==================================================

System Metrics:
  Vocabulary Size: 79099 tokens
  Knowledge Graph: 32278 nodes
  Training Records: 12481
  Episodic Memory: 12481 episodes
  Safety Precision: 91.2%
HTTP Server listening on port [DebugServer] Debug server listening on port 6969
8080
  Math Domain Accuracy: 98.2%
  Logic Domain Accuracy: 96.5%
  Causality Domain Accuracy: 87.3%
  Multi-Modal Fusion Quality: 82.4%

Advanced Cognitive Features:
  ✓ Extended Context Window (4096 tokens)
  ✓ Graph-Based Reasoning with Traversal
  ✓ Episodic Memory & Context Retention
  ✓ Multi-Modal Fusion (Text/Image/Code)
  ✓ Semantic Attention Mechanisms
  ✓ Contrastive Learning Integration
  ✓ Intent Decomposition & Routing
  ✓ Domain-Specific Specializers (Math/Logic/Causality)

Agentic & Transparency Features:
  ✓ Multi-Agent Orchestration (5 roles)
  ✓ Automatic Failure Detection & Recovery
  ✓ Cognitive Load Balancing (5 levels)
  ✓ Long-Horizon Task Planning (4 tiers)
  ✓ Complete System Transparency (6 debug endpoints)
  ✓ Real-time Process Monitoring

ACmK System Modules:
  ✓ Policy Engine (constraint enforcement & decision-making)
  ✓ Data Pipeline (ingestion, deduplication, feature extraction)
  ✓ Training Controller (5-stage deterministic learning)
  ✓ Training Orchestrator (automated pipeline coordination)
  ✓ Checkpoint Persistence (disk-based model checkpoint storage)
  ✓ Weight Updater (live neural component weight injection)
  ✓ Multimodal Instruction Handler (audio/video/image/text)
  ✓ VFS Manager (versioned storage & proof artifacts)
  ✓ Knowledge Graph (64,385 nodes, 31,465+ trained examples)
[1766467524438906] Stage 0: Orchestrator initialized

Checkpoint Storage:
  Storage Directory: data/checkpoints
  Existing Checkpoints: 5

==================================================
Press Ctrl+C to shutdown...
==================================================
[ACmK Training] Learned from clinical observation: threshold for patient 1 (Confidence: 0.95)
[ACmK Training] Learned from clinical observation: pattern for patient 1 (Confidence: 0.8)
[ACmK Training] Learned from clinical observation: threshold for patient 1 (Confidence: 0.95)
[ACmK Training] Learned from clinical observation: pattern for patient 1 (Confidence: 0.8)
[ACmK Training] Learned from clinical observation: threshold for patient 1 (Confidence: 0.95)
[ACmK Training] Learned from clinical observation: pattern for patient 1 (Confidence: 0.8)
[ACmK Training] Learned from clinical observation: threshold for patient 1 (Confidence: 0.95)
[ACmK Training] Learned from clinical observation: pattern for patient 1 (Confidence: 0.8)
[ACmK Training] Learned from clinical observation: threshold for patient 1 (Confidence: 0.95)
[ACmK Training] Learned from clinical observation: pattern for patient 1 (Confidence: 0.8)
[ACmK Training] Learned from clinical observation: threshold for patient 1 (Confidence: 0.95)
[ACmK Training] Learned from clinical observation: pattern for patient 1 (Confidence: 0.8)
[ACmK Training] Learned from clinical observation: threshold for patient 1 (Confidence: 0.95)
[ACmK Training] Learned from clinical observation: pattern for patient 1 (Confidence: 0.8)
[ACmK Training] Learned from clinical observation: threshold for patient 1 (Confidence: 0.95)
[ACmK Training] Learned from clinical observation: pattern for patient 1 (Confidence: 0.8)
[ACmK Training] Learned from clinical observation: threshold for patient 1 (Confidence: 0.95)
[ACmK Training] Learned from clinical observation: pattern for patient 1 (Confidence: 0.8)
[ACmK Training] Learned from clinical observation: threshold for patient 1 (Confidence: 0.95)
[ACmK Training] Learned from clinical observation: pattern for patient 1 (Confidence: 0.8)
[ACmK Training] Learned from clinical observation: threshold for patient 1 (Confidence: 0.95)
[ACmK Training] Learned from clinical observation: pattern for patient 1 (Confidence: 0.8)
[ACmK Training] Learned from clinical observation: threshold for patient 1 (Confidence: 0.95)
[ACmK Training] Learned from clinical observation: pattern for patient 1 (Confidence: 0.8)
[ACmK Training] Learned from clinical observation: threshold for patient 1 (Confidence: 0.95)
[ACmK Training] Learned from clinical observation: pattern for patient 1 (Confidence: 0.8)
[ACmK Training] Learned from clinical observation: threshold for patient 1 (Confidence: 0.95)
[ACmK Training] Learned from clinical observation: pattern for patient 1 (Confidence: 0.8)
[ACmK Training] Learned from clinical observation: threshold for patient 1 (Confidence: 0.95)
[ACmK Training] Learned from clinical observation: pattern for patient 1 (Confidence: 0.8)
[ACmK Training] Learned from clinical observation: threshold for patient 1 (Confidence: 0.95)
[ACmK Training] Learned from clinical observation: pattern for patient 1 (Confidence: 0.8)
[ACmK Training] Learned from clinical observation: threshold for patient 1 (Confidence: 0.95)
[ACmK Training] Learned from clinical observation: pattern for patient 1 (Confidence: 0.8)
[ACmK Training] Learned from clinical observation: threshold for patient 1 (Confidence: 0.95)
[ACmK Training] Learned from clinical observation: pattern for patient 1 (Confidence: 0.8)
[ACmK Training] Learned from clinical observation: threshold for patient 1 (Confidence: 0.95)
[ACmK Training] Learned from clinical observation: pattern for patient 1 (Confidence: 0.8)
[ACmK Training] Learned from clinical observation: threshold for patient 1 (Confidence: 0.95)
[ACmK Training] Learned from clinical observation: pattern for patient 1 (Confidence: 0.8)
[ACmK Training] Learned from clinical observation: threshold for patient 1 (Confidence: 0.95)
[ACmK Training] Learned from clinical observation: pattern for patient 1 (Confidence: 0.8)
[ACmK Training] Learned from clinical observation: threshold for patient 1 (Confidence: 0.95)
[ACmK Training] Learned from clinical observation: pattern for patient 1 (Confidence: 0.8)
[ACmK Training] Learned from clinical observation: threshold for patient 1 (Confidence: 0.95)
[ACmK Training] Learned from clinical observation: pattern for patient 1 (Confidence: 0.8)
[ACmK Training] Learned from clinical observation: threshold for patient 1 (Confidence: 0.95)
[ACmK Training] Learned from clinical observation: pattern for patient 1 (Confidence: 0.8)
[ACmK Training] Learned from clinical observation: threshold for patient 1 (Confidence: 0.95)
[ACmK Training] Learned from clinical observation: pattern for patient 1 (Confidence: 0.8)
[ACmK Training] Learned from clinical observation: threshold for patient 1 (Confidence: 0.95)
[ACmK Training] Learned from clinical observation: pattern for patient 1 (Confidence: 0.8)
[ACmK Training] Learned from clinical observation: threshold for patient 1 (Confidence: 0.95)
[ACmK Training] Learned from clinical observation: pattern for patient 1 (Confidence: 0.8)
[ACmK Training] Learned from clinical observation: threshold for patient 1 (Confidence: 0.95)
[ACmK Training] Learned from clinical observation: pattern for patient 1 (Confidence: 0.8)
[ACmK Training] Learned from clinical observation: threshold for patient 1 (Confidence: 0.95)
[ACmK Training] Learned from clinical observation: pattern for patient 1 (Confidence: 0.8)
[ACmK Training] Learned from clinical observation: threshold for patient 1 (Confidence: 0.95)
[ACmK Training] Learned from clinical observation: pattern for patient 1 (Confidence: 0.8)
[ACmK Training] Learned from clinical observation: threshold for patient 1 (Confidence: 0.95)
[ACmK Training] Learned from clinical observation: pattern for patient 1 (Confidence: 0.8)
[ACmK Training] Learned from clinical observation: threshold for patient 1 (Confidence: 0.95)
[ACmK Training] Learned from clinical observation: pattern for patient 1 (Confidence: 0.8)
[ACmK Training] Learned from clinical observation: threshold for patient 1 (Confidence: 0.95)
[ACmK Training] Learned from clinical observation: pattern for patient 1 (Confidence: 0.8)
[ACmK Training] Learned from clinical observation: threshold for patient 1 (Confidence: 0.95)
[ACmK Training] Learned from clinical observation: pattern for patient 1 (Confidence: 0.8)
[ACmK Training] Learned from clinical observation: threshold for patient 1 (Confidence: 0.95)
[ACmK Training] Learned from clinical observation: pattern for patient 1 (Confidence: 0.8)
[ACmK Training] Learned from clinical observation: threshold for patient 1 (Confidence: 0.95)
[ACmK Training] Learned from clinical observation: pattern for patient 1 (Confidence: 0.8)
[ACmK Training] Learned from clinical observation: threshold for patient 1 (Confidence: 0.95)
[ACmK Training] Learned from clinical observation: pattern for patient 1 (Confidence: 0.8)
[ACmK Training] Learned from clinical observation: threshold for patient 1 (Confidence: 0.95)
[ACmK Training] Learned from clinical observation: pattern for patient 1 (Confidence: 0.8)
[ACmK Training] Learned from clinical observation: threshold for patient 1 (Confidence: 0.95)
[ACmK Training] Learned from clinical observation: pattern for patient 1 (Confidence: 0.8)
[ACmK Training] Learned from clinical observation: threshold for patient 1 (Confidence: 0.95)
[ACmK Training] Learned from clinical observation: pattern for patient 1 (Confidence: 0.8)
[ACmK Training] Learned from clinical observation: threshold for patient 1 (Confidence: 0.95)
[ACmK Training] Learned from clinical observation: pattern for patient 1 (Confidence: 0.8)
[ACmK Training] Learned from clinical observation: threshold for patient 1 (Confidence: 0.95)
[ACmK Training] Learned from clinical observation: pattern for patient 1 (Confidence: 0.8)
[ACmK Training] Learned from clinical observation: threshold for patient 1 (Confidence: 0.95)
[ACmK Training] Learned from clinical observation: pattern for patient 1 (Confidence: 0.8)
[ACmK Training] Learned from clinical observation: threshold for patient 1 (Confidence: 0.95)
[ACmK Training] Learned from clinical observation: pattern for patient 1 (Confidence: 0.8)
[ACmK Training] Learned from clinical observation: threshold for patient 1 (Confidence: 0.95)
[ACmK Training] Learned from clinical observation: pattern for patient 1 (Confidence: 0.8)
[ACmK Training] Learned from clinical observation: threshold for patient 1 (Confidence: 0.95)
[ACmK Training] Learned from clinical observation: pattern for patient 1 (Confidence: 0.8)
[ACmK Training] Learned from clinical observation: threshold for patient 1 (Confidence: 0.95)
[ACmK Training] Learned from clinical observation: pattern for patient 1 (Confidence: 0.8)
[ACmK Training] Learned from clinical observation: threshold for patient 1 (Confidence: 0.95)
[ACmK Training] Learned from clinical observation: pattern for patient 1 (Confidence: 0.8)
[ACmK Training] Learned from clinical observation: threshold for patient 1 (Confidence: 0.95)
[ACmK Training] Learned from clinical observation: pattern for patient 1 (Confidence: 0.8)
[ACmK Training] Learned from clinical observation: threshold for patient 1 (Confidence: 0.95)
[ACmK Training] Learned from clinical observation: pattern for patient 1 (Confidence: 0.8)
[ACmK Training] Learned from clinical observation: threshold for patient 1 (Confidence: 0.95)
[ACmK Training] Learned from clinical observation: pattern for patient 1 (Confidence: 0.8)
[ACmK Training] Learned from clinical observation: threshold for patient 1 (Confidence: 0.95)
[ACmK Training] Learned from clinical observation: pattern for patient 1 (Confidence: 0.8)
[ACmK Training] Learned from clinical observation: threshold for patient 1 (Confidence: 0.95)
[ACmK Training] Learned from clinical observation: pattern for patient 1 (Confidence: 0.8)
[ACmK Training] Learned from clinical observation: threshold for patient 1 (Confidence: 0.95)
[ACmK Training] Learned from clinical observation: pattern for patient 1 (Confidence: 0.8)
[ACmK Training] Learned from clinical observation: threshold for patient 1 (Confidence: 0.95)
[ACmK Training] Learned from clinical observation: pattern for patient 1 (Confidence: 0.8)
[ACmK Training] Learned from clinical observation: threshold for patient 1 (Confidence: 0.95)
[ACmK Training] Learned from clinical observation: pattern for patient 1 (Confidence: 0.8)
[ACmK Training] Learned from clinical observation: threshold for patient 1 (Confidence: 0.95)
[ACmK Training] Learned from clinical observation: pattern for patient 1 (Confidence: 0.8)
[ACmK Training] Learned from clinical observation: threshold for patient 1 (Confidence: 0.95)
[ACmK Training] Learned from clinical observation: pattern for patient 1 (Confidence: 0.8)
[ACmK Training] Learned from clinical observation: threshold for patient 1 (Confidence: 0.95)
[ACmK Training] Learned from clinical observation: pattern for patient 1 (Confidence: 0.8)
[ACmK Training] Learned from clinical observation: threshold for patient 1 (Confidence: 0.95)
[ACmK Training] Learned from clinical observation: pattern for patient 1 (Confidence: 0.8)
[ACmK Training] Learned from clinical observation: threshold for patient 1 (Confidence: 0.95)
[ACmK Training] Learned from clinical observation: pattern for patient 1 (Confidence: 0.8)
[ACmK Training] Learned from clinical observation: threshold for patient 1 (Confidence: 0.95)
[ACmK Training] Learned from clinical observation: pattern for patient 1 (Confidence: 0.8)
[ACmK Training] Learned from clinical observation: threshold for patient 1 (Confidence: 0.95)
[ACmK Training] Learned from clinical observation: pattern for patient 1 (Confidence: 0.8)
[ACmK Training] Learned from clinical observation: threshold for patient 1 (Confidence: 0.95)
[ACmK Training] Learned from clinical observation: pattern for patient 1 (Confidence: 0.8)
[ACmK Training] Learned from clinical observation: threshold for patient 1 (Confidence: 0.95)
[ACmK Training] Learned from clinical observation: pattern for patient 1 (Confidence: 0.8)
[ACmK Training] Learned from clinical observation: threshold for patient 1 (Confidence: 0.95)
[ACmK Training] Learned from clinical observation: pattern for patient 1 (Confidence: 0.8)
[ACmK Training] Learned from clinical observation: threshold for patient 1 (Confidence: 0.95)
[ACmK Training] Learned from clinical observation: pattern for patient 1 (Confidence: 0.8)
[ACmK Training] Learned from clinical observation: threshold for patient 1 (Confidence: 0.95)
[ACmK Training] Learned from clinical observation: pattern for patient 1 (Confidence: 0.8)
[ACmK Training] Learned from clinical observation: threshold for patient 1 (Confidence: 0.95)
[ACmK Training] Learned from clinical observation: pattern for patient 1 (Confidence: 0.8)
[ACmK Training] Learned from clinical observation: threshold for patient 1 (Confidence: 0.95)
[ACmK Training] Learned from clinical observation: pattern for patient 1 (Confidence: 0.8)
[ACmK Training] Learned from clinical observation: threshold for patient 1 (Confidence: 0.95)
[ACmK Training] Learned from clinical observation: pattern for patient 1 (Confidence: 0.8)
[ACmK Training] Learned from clinical observation: threshold for patient 1 (Confidence: 0.95)
[ACmK Training] Learned from clinical observation: pattern for patient 1 (Confidence: 0.8)
[ACmK Training] Learned from clinical observation: threshold for patient 1 (Confidence: 0.95)
[ACmK Training] Learned from clinical observation: pattern for patient 1 (Confidence: 0.8)
[ACmK Training] Learned from clinical observation: threshold for patient 1 (Confidence: 0.95)
[ACmK Training] Learned from clinical observation: pattern for patient 1 (Confidence: 0.8)
[ACmK Training] Learned from clinical observation: threshold for patient 1 (Confidence: 0.95)
[ACmK Training] Learned from clinical observation: pattern for patient 1 (Confidence: 0.8)
[ACmK Training] Learned from clinical observation: threshold for patient 1 (Confidence: 0.95)
[ACmK Training] Learned from clinical observation: pattern for patient 1 (Confidence: 0.8)
[ACmK Training] Learned from clinical observation: threshold for patient 1 (Confidence: 0.95)
[ACmK Training] Learned from clinical observation: pattern for patient 1 (Confidence: 0.8)
[ACmK Training] Learned from clinical observation: threshold for patient 1 (Confidence: 0.95)
[ACmK Training] Learned from clinical observation: pattern for patient 1 (Confidence: 0.8)
[ACmK Training] Learned from clinical observation: threshold for patient 1 (Confidence: 0.95)
[ACmK Training] Learned from clinical observation: pattern for patient 1 (Confidence: 0.8)
[ACmK Training] Learned from clinical observation: threshold for patient 1 (Confidence: 0.95)
[ACmK Training] Learned from clinical observation: pattern for patient 1 (Confidence: 0.8)
[ACmK Training] Learned from clinical observation: threshold for patient 1 (Confidence: 0.95)
[ACmK Training] Learned from clinical observation: pattern for patient 1 (Confidence: 0.8)
[ACmK Training] Learned from clinical observation: threshold for patient 1 (Confidence: 0.95)
[ACmK Training] Learned from clinical observation: pattern for patient 1 (Confidence: 0.8)
[ACmK Training] Learned from clinical observation: threshold for patient 1 (Confidence: 0.95)
[ACmK Training] Learned from clinical observation: pattern for patient 1 (Confidence: 0.8)
[ACmK Training] Learned from clinical observation: threshold for patient 1 (Confidence: 0.95)
[ACmK Training] Learned from clinical observation: pattern for patient 1 (Confidence: 0.8)
[ACmK Training] Learned from clinical observation: threshold for patient 1 (Confidence: 0.95)
[ACmK Training] Learned from clinical observation: pattern for patient 1 (Confidence: 0.8)
[ACmK Training] Learned from clinical observation: threshold for patient 1 (Confidence: 0.95)
[ACmK Training] Learned from clinical observation: pattern for patient 1 (Confidence: 0.8)
[ACmK Training] Learned from clinical observation: threshold for patient 1 (Confidence: 0.95)
[ACmK Training] Learned from clinical observation: pattern for patient 1 (Confidence: 0.8)
[ACmK Training] Learned from clinical observation: threshold for patient 1 (Confidence: 0.95)
[ACmK Training] Learned from clinical observation: pattern for patient 1 (Confidence: 0.8)
[ACmK Training] Learned from clinical observation: threshold for patient 1 (Confidence: 0.95)
[ACmK Training] Learned from clinical observation: pattern for patient 1 (Confidence: 0.8)
[ACmK Training] Learned from clinical observation: threshold for patient 1 (Confidence: 0.95)
[ACmK Training] Learned from clinical observation: pattern for patient 1 (Confidence: 0.8)
[ACmK Training] Learned from clinical observation: threshold for patient 1 (Confidence: 0.95)
[ACmK Training] Learned from clinical observation: pattern for patient 1 (Confidence: 0.8)
[ACmK Training] Learned from clinical observation: threshold for patient 1 (Confidence: 0.95)
[ACmK Training] Learned from clinical observation: pattern for patient 1 (Confidence: 0.8)
[ACmK Training] Learned from clinical observation: threshold for patient 1 (Confidence: 0.95)
[ACmK Training] Learned from clinical observation: pattern for patient 1 (Confidence: 0.8)
[ACmK Training] Learned from clinical observation: threshold for patient 1 (Confidence: 0.95)
[ACmK Training] Learned from clinical observation: pattern for patient 1 (Confidence: 0.8)
[ACmK Training] Learned from clinical observation: threshold for patient 1 (Confidence: 0.95)
[ACmK Training] Learned from clinical observation: pattern for patient 1 (Confidence: 0.8)
[ACmK Training] Learned from clinical observation: threshold for patient 1 (Confidence: 0.95)
[ACmK Training] Learned from clinical observation: pattern for patient 1 (Confidence: 0.8)
[ACmK Training] Learned from clinical observation: threshold for patient 1 (Confidence: 0.95)
[ACmK Training] Learned from clinical observation: pattern for patient 1 (Confidence: 0.8)
[ACmK Training] Learned from clinical observation: threshold for patient 1 (Confidence: 0.95)
[ACmK Training] Learned from clinical observation: pattern for patient 1 (Confidence: 0.8)
[ACmK Training] Learned from clinical observation: threshold for patient 1 (Confidence: 0.95)
[ACmK Training] Learned from clinical observation: pattern for patient 1 (Confidence: 0.8)
[ACmK Training] Learned from clinical observation: threshold for patient 1 (Confidence: 0.95)
[ACmK Training] Learned from clinical observation: pattern for patient 1 (Confidence: 0.8)
[ACmK Training] Learned from clinical observation: threshold for patient 1 (Confidence: 0.95)
[ACmK Training] Learned from clinical observation: pattern for patient 1 (Confidence: 0.8)
[ACmK Training] Learned from clinical observation: threshold for patient 1 (Confidence: 0.95)
[ACmK Training] Learned from clinical observation: pattern for patient 1 (Confidence: 0.8)
[ACmK Training] Learned from clinical observation: threshold for patient 1 (Confidence: 0.95)
[ACmK Training] Learned from clinical observation: pattern for patient 1 (Confidence: 0.8)
[ACmK Training] Learned from clinical observation: threshold for patient 1 (Confidence: 0.95)
[ACmK Training] Learned from clinical observation: pattern for patient 1 (Confidence: 0.8)
[ACmK Training] Learned from clinical observation: threshold for patient 1 (Confidence: 0.95)
[ACmK Training] Learned from clinical observation: pattern for patient 1 (Confidence: 0.8)
[ACmK Training] Learned from clinical observation: threshold for patient 1 (Confidence: 0.95)
[ACmK Training] Learned from clinical observation: pattern for patient 1 (Confidence: 0.8)
[ACmK Training] Learned from clinical observation: threshold for patient 1 (Confidence: 0.95)
[ACmK Training] Learned from clinical observation: pattern for patient 1 (Confidence: 0.8)
[ACmK Training] Learned from clinical observation: threshold for patient 1 (Confidence: 0.95)
[ACmK Training] Learned from clinical observation: pattern for patient 1 (Confidence: 0.8)
[ACmK Training] Learned from clinical observation: threshold for patient 1 (Confidence: 0.95)
[ACmK Training] Learned from clinical observation: pattern for patient 1 (Confidence: 0.8)
[ACmK Training] Learned from clinical observation: threshold for patient 1 (Confidence: 0.95)
[ACmK Training] Learned from clinical observation: pattern for patient 1 (Confidence: 0.8)
[ACmK Training] Learned from clinical observation: threshold for patient 1 (Confidence: 0.95)
[ACmK Training] Learned from clinical observation: pattern for patient 1 (Confidence: 0.8)
[ACmK Training] Learned from clinical observation: threshold for patient 1 (Confidence: 0.95)
[ACmK Training] Learned from clinical observation: pattern for patient 1 (Confidence: 0.8)
[ACmK Training] Learned from clinical observation: threshold for patient 1 (Confidence: 0.95)
[ACmK Training] Learned from clinical observation: pattern for patient 1 (Confidence: 0.8)
[ACmK Training] Learned from clinical observation: threshold for patient 1 (Confidence: 0.95)
[ACmK Training] Learned from clinical observation: pattern for patient 1 (Confidence: 0.8)
[ACmK Training] Learned from clinical observation: threshold for patient 1 (Confidence: 0.95)
[ACmK Training] Learned from clinical observation: pattern for patient 1 (Confidence: 0.8)
[ACmK Training] Learned from clinical observation: threshold for patient 1 (Confidence: 0.95)
[ACmK Training] Learned from clinical observation: pattern for patient 1 (Confidence: 0.8)
[ACmK Training] Learned from clinical observation: threshold for patient 1 (Confidence: 0.95)
[ACmK Training] Learned from clinical observation: pattern for patient 1 (Confidence: 0.8)
[ACmK Training] Learned from clinical observation: threshold for patient 1 (Confidence: 0.95)
[ACmK Training] Learned from clinical observation: pattern for patient 1 (Confidence: 0.8)
[ACmK Training] Learned from clinical observation: threshold for patient 1 (Confidence: 0.95)
[ACmK Training] Learned from clinical observation: pattern for patient 1 (Confidence: 0.8)
[ACmK Training] Learned from clinical observation: threshold for patient 1 (Confidence: 0.95)
[ACmK Training] Learned from clinical observation: pattern for patient 1 (Confidence: 0.8)
[ACmK Training] Learned from clinical observation: threshold for patient 1 (Confidence: 0.95)
[ACmK Training] Learned from clinical observation: pattern for patient 1 (Confidence: 0.8)
[ACmK Training] Learned from clinical observation: threshold for patient 1 (Confidence: 0.95)
[ACmK Training] Learned from clinical observation: pattern for patient 1 (Confidence: 0.8)
[ACmK Training] Learned from clinical observation: threshold for patient 1 (Confidence: 0.95)
[ACmK Training] Learned from clinical observation: pattern for patient 1 (Confidence: 0.8)
[ACmK Training] Learned from clinical observation: threshold for patient 1 (Confidence: 0.95)
[ACmK Training] Learned from clinical observation: pattern for patient 1 (Confidence: 0.8)
[ACmK Training] Learned from clinical observation: threshold for patient 1 (Confidence: 0.95)
[ACmK Training] Learned from clinical observation: pattern for patient 1 (Confidence: 0.8)
[ACmK Training] Learned from clinical observation: threshold for patient 1 (Confidence: 0.95)
[ACmK Training] Learned from clinical observation: pattern for patient 1 (Confidence: 0.8)
[ACmK Training] Learned from clinical observation: threshold for patient 1 (Confidence: 0.95)
[ACmK Training] Learned from clinical observation: pattern for patient 1 (Confidence: 0.8)
[ACmK Training] Learned from clinical observation: threshold for patient 1 (Confidence: 0.95)
[ACmK Training] Learned from clinical observation: pattern for patient 1 (Confidence: 0.8)
[ACmK Training] Learned from clinical observation: threshold for patient 1 (Confidence: 0.95)
[ACmK Training] Learned from clinical observation: pattern for patient 1 (Confidence: 0.8)
[ACmK Training] Learned from clinical observation: threshold for patient 1 (Confidence: 0.95)
[ACmK Training] Learned from clinical observation: pattern for patient 1 (Confidence: 0.8)
[ACmK Training] Learned from clinical observation: threshold for patient 1 (Confidence: 0.95)
[ACmK Training] Learned from clinical observation: pattern for patient 1 (Confidence: 0.8)
[ACmK Training] Learned from clinical observation: threshold for patient 1 (Confidence: 0.95)
[ACmK Training] Learned from clinical observation: pattern for patient 1 (Confidence: 0.8)
[ACmK Training] Learned from clinical observation: threshold for patient 1 (Confidence: 0.95)
[ACmK Training] Learned from clinical observation: pattern for patient 1 (Confidence: 0.8)
[ACmK Training] Learned from clinical observation: threshold for patient 1 (Confidence: 0.95)
[ACmK Training] Learned from clinical observation: pattern for patient 1 (Confidence: 0.8)
[ACmK Training] Learned from clinical observation: threshold for patient 1 (Confidence: 0.95)
[ACmK Training] Learned from clinical observation: pattern for patient 1 (Confidence: 0.8)
[ACmK Training] Learned from clinical observation: threshold for patient 1 (Confidence: 0.95)
[ACmK Training] Learned from clinical observation: pattern for patient 1 (Confidence: 0.8)
[ACmK Training] Learned from clinical observation: threshold for patient 1 (Confidence: 0.95)
[ACmK Training] Learned from clinical observation: pattern for patient 1 (Confidence: 0.8)
[ACmK Training] Learned from clinical observation: threshold for patient 1 (Confidence: 0.95)
[ACmK Training] Learned from clinical observation: pattern for patient 1 (Confidence: 0.8)
[ACmK Training] Learned from clinical observation: threshold for patient 1 (Confidence: 0.95)
[ACmK Training] Learned from clinical observation: pattern for patient 1 (Confidence: 0.8)
[ACmK Training] Learned from clinical observation: threshold for patient 1 (Confidence: 0.95)
[ACmK Training] Learned from clinical observation: pattern for patient 1 (Confidence: 0.8)
[ACmK Training] Learned from clinical observation: threshold for patient 1 (Confidence: 0.95)
[ACmK Training] Learned from clinical observation: pattern for patient 1 (Confidence: 0.8)
[ACmK Training] Learned from clinical observation: threshold for patient 1 (Confidence: 0.95)
[ACmK Training] Learned from clinical observation: pattern for patient 1 (Confidence: 0.8)
[ACmK Training] Learned from clinical observation: threshold for patient 1 (Confidence: 0.95)
[ACmK Training] Learned from clinical observation: pattern for patient 1 (Confidence: 0.8)
[ACmK Training] Learned from clinical observation: threshold for patient 1 (Confidence: 0.95)
[ACmK Training] Learned from clinical observation: pattern for patient 1 (Confidence: 0.8)
[ACmK Training] Learned from clinical observation: threshold for patient 1 (Confidence: 0.95)
[ACmK Training] Learned from clinical observation: pattern for patient 1 (Confidence: 0.8)
[ACmK Training] Learned from clinical observation: threshold for patient 1 (Confidence: 0.95)
[ACmK Training] Learned from clinical observation: pattern for patient 1 (Confidence: 0.8)
[ACmK Training] Learned from clinical observation: threshold for patient 1 (Confidence: 0.95)
[ACmK Training] Learned from clinical observation: pattern for patient 1 (Confidence: 0.8)
[ACmK Training] Learned from clinical observation: threshold for patient 1 (Confidence: 0.95)
[ACmK Training] Learned from clinical observation: pattern for patient 1 (Confidence: 0.8)
[ACmK Training] Learned from clinical observation: threshold for patient 1 (Confidence: 0.95)
[ACmK Training] Learned from clinical observation: pattern for patient 1 (Confidence: 0.8)
[ACmK Training] Learned from clinical observation: threshold for patient 1 (Confidence: 0.95)
[ACmK Training] Learned from clinical observation: pattern for patient 1 (Confidence: 0.8)
[ACmK Training] Learned from clinical observation: threshold for patient 1 (Confidence: 0.95)
[ACmK Training] Learned from clinical observation: pattern for patient 1 (Confidence: 0.8)
[ACmK Training] Learned from clinical observation: threshold for patient 1 (Confidence: 0.95)
[ACmK Training] Learned from clinical observation: pattern for patient 1 (Confidence: 0.8)
[ACmK Training] Learned from clinical observation: threshold for patient 1 (Confidence: 0.95)
[ACmK Training] Learned from clinical observation: pattern for patient 1 (Confidence: 0.8)
[ACmK Training] Learned from clinical observation: threshold for patient 1 (Confidence: 0.95)
[ACmK Training] Learned from clinical observation: pattern for patient 1 (Confidence: 0.8)
[ACmK Training] Learned from clinical observation: threshold for patient 1 (Confidence: 0.95)
[ACmK Training] Learned from clinical observation: pattern for patient 1 (Confidence: 0.8)
[ACmK Training] Learned from clinical observation: threshold for patient 1 (Confidence: 0.95)
[ACmK Training] Learned from clinical observation: pattern for patient 1 (Confidence: 0.8)
[ACmK Training] Learned from clinical observation: threshold for patient 1 (Confidence: 0.95)
[ACmK Training] Learned from clinical observation: pattern for patient 1 (Confidence: 0.8)
[ACmK Training] Learned from clinical observation: threshold for patient 1 (Confidence: 0.95)
[ACmK Training] Learned from clinical observation: pattern for patient 1 (Confidence: 0.8)
[ACmK Training] Learned from clinical observation: threshold for patient 1 (Confidence: 0.95)
[ACmK Training] Learned from clinical observation: pattern for patient 1 (Confidence: 0.8)
[ACmK Training] Learned from clinical observation: threshold for patient 1 (Confidence: 0.95)
[ACmK Training] Learned from clinical observation: pattern for patient 1 (Confidence: 0.8)
[ACmK Training] Learned from clinical observation: threshold for patient 1 (Confidence: 0.95)
[ACmK Training] Learned from clinical observation: pattern for patient 1 (Confidence: 0.8)
[ACmK Training] Learned from clinical observation: threshold for patient 1 (Confidence: 0.95)
[ACmK Training] Learned from clinical observation: pattern for patient 1 (Confidence: 0.8)
[ACmK Training] Learned from clinical observation: threshold for patient 1 (Confidence: 0.95)
[ACmK Training] Learned from clinical observation: pattern for patient 1 (Confidence: 0.8)
[ACmK Training] Learned from clinical observation: threshold for patient 1 (Confidence: 0.95)
[ACmK Training] Learned from clinical observation: pattern for patient 1 (Confidence: 0.8)
[ACmK Training] Learned from clinical observation: threshold for patient 1 (Confidence: 0.95)
[ACmK Training] Learned from clinical observation: pattern for patient 1 (Confidence: 0.8)
[ACmK Training] Learned from clinical observation: threshold for patient 1 (Confidence: 0.95)
[ACmK Training] Learned from clinical observation: pattern for patient 1 (Confidence: 0.8)
[ACmK Training] Learned from clinical observation: threshold for patient 1 (Confidence: 0.95)
[ACmK Training] Learned from clinical observation: pattern for patient 1 (Confidence: 0.8)
[ACmK Training] Learned from clinical observation: threshold for patient 1 (Confidence: 0.95)
[ACmK Training] Learned from clinical observation: pattern for patient 1 (Confidence: 0.8)
[ACmK Training] Learned from clinical observation: threshold for patient 1 (Confidence: 0.95)
[ACmK Training] Learned from clinical observation: pattern for patient 1 (Confidence: 0.8)
[ACmK Training] Learned from clinical observation: threshold for patient 1 (Confidence: 0.95)
[ACmK Training] Learned from clinical observation: pattern for patient 1 (Confidence: 0.8)
[ACmK Training] Learned from clinical observation: threshold for patient 1 (Confidence: 0.95)
[ACmK Training] Learned from clinical observation: pattern for patient 1 (Confidence: 0.8)
[ACmK Training] Learned from clinical observation: threshold for patient 1 (Confidence: 0.95)
[ACmK Training] Learned from clinical observation: pattern for patient 1 (Confidence: 0.8)
[ACmK Training] Learned from clinical observation: threshold for patient 1 (Confidence: 0.95)
[ACmK Training] Learned from clinical observation: pattern for patient 1 (Confidence: 0.8)
[ACmK Training] Learned from clinical observation: threshold for patient 1 (Confidence: 0.95)
[ACmK Training] Learned from clinical observation: pattern for patient 1 (Confidence: 0.8)
[ACmK Training] Learned from clinical observation: threshold for patient 1 (Confidence: 0.95)
[ACmK Training] Learned from clinical observation: pattern for patient 1 (Confidence: 0.8)
[ACmK Training] Learned from clinical observation: threshold for patient 1 (Confidence: 0.95)
[ACmK Training] Learned from clinical observation: pattern for patient 1 (Confidence: 0.8)
[ACmK Training] Learned from clinical observation: threshold for patient 1 (Confidence: 0.95)
[ACmK Training] Learned from clinical observation: pattern for patient 1 (Confidence: 0.8)
[ACmK Training] Learned from clinical observation: threshold for patient 1 (Confidence: 0.95)
[ACmK Training] Learned from clinical observation: pattern for patient 1 (Confidence: 0.8)
[ACmK Training] Learned from clinical observation: threshold for patient 1 (Confidence: 0.95)
[ACmK Training] Learned from clinical observation: pattern for patient 1 (Confidence: 0.8)
[ACmK Training] Learned from clinical observation: threshold for patient 1 (Confidence: 0.95)
[ACmK Training] Learned from clinical observation: pattern for patient 1 (Confidence: 0.8)
[ACmK Training] Learned from clinical observation: threshold for patient 1 (Confidence: 0.95)
[ACmK Training] Learned from clinical observation: pattern for patient 1 (Confidence: 0.8)
[ACmK Training] Learned from clinical observation: threshold for patient 1 (Confidence: 0.95)
[ACmK Training] Learned from clinical observation: pattern for patient 1 (Confidence: 0.8)
[ACmK Training] Learned from clinical observation: threshold for patient 1 (Confidence: 0.95)
[ACmK Training] Learned from clinical observation: pattern for patient 1 (Confidence: 0.8)
[ACmK Training] Learned from clinical observation: threshold for patient 1 (Confidence: 0.95)
[ACmK Training] Learned from clinical observation: pattern for patient 1 (Confidence: 0.8)
[ACmK Training] Learned from clinical observation: threshold for patient 1 (Confidence: 0.95)
[ACmK Training] Learned from clinical observation: pattern for patient 1 (Confidence: 0.8)
[ACmK Training] Learned from clinical observation: threshold for patient 1 (Confidence: 0.95)
[ACmK Training] Learned from clinical observation: pattern for patient 1 (Confidence: 0.8)
[ACmK Training] Learned from clinical observation: threshold for patient 1 (Confidence: 0.95)
[ACmK Training] Learned from clinical observation: pattern for patient 1 (Confidence: 0.8)
[ACmK Training] Learned from clinical observation: threshold for patient 1 (Confidence: 0.95)
[ACmK Training] Learned from clinical observation: pattern for patient 1 (Confidence: 0.8)
[ACmK Training] Learned from clinical observation: threshold for patient 1 (Confidence: 0.95)
[ACmK Training] Learned from clinical observation: pattern for patient 1 (Confidence: 0.8)
[ACmK Training] Learned from clinical observation: threshold for patient 1 (Confidence: 0.95)
[ACmK Training] Learned from clinical observation: pattern for patient 1 (Confidence: 0.8)
[ACmK Training] Learned from clinical observation: threshold for patient 1 (Confidence: 0.95)
[ACmK Training] Learned from clinical observation: pattern for patient 1 (Confidence: 0.8)
[ACmK Training] Learned from clinical observation: threshold for patient 1 (Confidence: 0.95)
[ACmK Training] Learned from clinical observation: pattern for patient 1 (Confidence: 0.8)
[ACmK Training] Learned from clinical observation: threshold for patient 1 (Confidence: 0.95)
[ACmK Training] Learned from clinical observation: pattern for patient 1 (Confidence: 0.8)
[ACmK Training] Learned from clinical observation: threshold for patient 1 (Confidence: 0.95)
[ACmK Training] Learned from clinical observation: pattern for patient 1 (Confidence: 0.8)
[ACmK Training] Learned from clinical observation: threshold for patient 1 (Confidence: 0.95)
[ACmK Training] Learned from clinical observation: pattern for patient 1 (Confidence: 0.8)
[ACmK Training] Learned from clinical observation: threshold for patient 1 (Confidence: 0.95)
[ACmK Training] Learned from clinical observation: pattern for patient 1 (Confidence: 0.8)
[ACmK Training] Learned from clinical observation: threshold for patient 1 (Confidence: 0.95)
[ACmK Training] Learned from clinical observation: pattern for patient 1 (Confidence: 0.8)
[ACmK Training] Learned from clinical observation: threshold for patient 1 (Confidence: 0.95)
[ACmK Training] Learned from clinical observation: pattern for patient 1 (Confidence: 0.8)
[ACmK Training] Learned from clinical observation: threshold for patient 1 (Confidence: 0.95)
[ACmK Training] Learned from clinical observation: pattern for patient 1 (Confidence: 0.8)
[ACmK Training] Learned from clinical observation: threshold for patient 1 (Confidence: 0.95)
[ACmK Training] Learned from clinical observation: pattern for patient 1 (Confidence: 0.8)
[ACmK Training] Learned from clinical observation: threshold for patient 1 (Confidence: 0.95)
[ACmK Training] Learned from clinical observation: pattern for patient 1 (Confidence: 0.8)
[ACmK Training] Learned from clinical observation: threshold for patient 1 (Confidence: 0.95)
[ACmK Training] Learned from clinical observation: pattern for patient 1 (Confidence: 0.8)
[ACmK Training] Learned from clinical observation: threshold for patient 1 (Confidence: 0.95)
[ACmK Training] Learned from clinical observation: pattern for patient 1 (Confidence: 0.8)
[ACmK Training] Learned from clinical observation: threshold for patient 1 (Confidence: 0.95)
[ACmK Training] Learned from clinical observation: pattern for patient 1 (Confidence: 0.8)
[ACmK Training] Learned from clinical observation: threshold for patient 1 (Confidence: 0.95)
[ACmK Training] Learned from clinical observation: pattern for patient 1 (Confidence: 0.8)
[ACmK Training] Learned from clinical observation: threshold for patient 1 (Confidence: 0.95)
[ACmK Training] Learned from clinical observation: pattern for patient 1 (Confidence: 0.8)
[ACmK Training] Learned from clinical observation: threshold for patient 1 (Confidence: 0.95)
[ACmK Training] Learned from clinical observation: pattern for patient 1 (Confidence: 0.8)
[ACmK Training] Learned from clinical observation: threshold for patient 1 (Confidence: 0.95)
[ACmK Training] Learned from clinical observation: pattern for patient 1 (Confidence: 0.8)
[ACmK Training] Learned from clinical observation: threshold for patient 1 (Confidence: 0.95)
[ACmK Training] Learned from clinical observation: pattern for patient 1 (Confidence: 0.8)
[ACmK Training] Learned from clinical observation: threshold for patient 1 (Confidence: 0.95)
[ACmK Training] Learned from clinical observation: pattern for patient 1 (Confidence: 0.8)
[ACmK Training] Learned from clinical observation: threshold for patient 1 (Confidence: 0.95)
[ACmK Training] Learned from clinical observation: pattern for patient 1 (Confidence: 0.8)
[ACmK Training] Learned from clinical observation: threshold for patient 1 (Confidence: 0.95)
[ACmK Training] Learned from clinical observation: pattern for patient 1 (Confidence: 0.8)
[ACmK Training] Learned from clinical observation: threshold for patient 1 (Confidence: 0.95)
[ACmK Training] Learned from clinical observation: pattern for patient 1 (Confidence: 0.8)
[ACmK Training] Learned from clinical observation: threshold for patient 1 (Confidence: 0.95)
[ACmK Training] Learned from clinical observation: pattern for patient 1 (Confidence: 0.8)
[ACmK Training] Learned from clinical observation: threshold for patient 1 (Confidence: 0.95)
[ACmK Training] Learned from clinical observation: pattern for patient 1 (Confidence: 0.8)
[ACmK Training] Learned from clinical observation: threshold for patient 1 (Confidence: 0.95)
[ACmK Training] Learned from clinical observation: pattern for patient 1 (Confidence: 0.8)
[ACmK Training] Learned from clinical observation: threshold for patient 1 (Confidence: 0.95)
[ACmK Training] Learned from clinical observation: pattern for patient 1 (Confidence: 0.8)
[ACmK Training] Learned from clinical observation: threshold for patient 1 (Confidence: 0.95)
[ACmK Training] Learned from clinical observation: pattern for patient 1 (Confidence: 0.8)
[ACmK Training] Learned from clinical observation: threshold for patient 1 (Confidence: 0.95)
[ACmK Training] Learned from clinical observation: pattern for patient 1 (Confidence: 0.8)
[ACmK Training] Learned from clinical observation: threshold for patient 1 (Confidence: 0.95)
[ACmK Training] Learned from clinical observation: pattern for patient 1 (Confidence: 0.8)
[ACmK Training] Learned from clinical observation: threshold for patient 1 (Confidence: 0.95)
[ACmK Training] Learned from clinical observation: pattern for patient 1 (Confidence: 0.8)
[ACmK Training] Learned from clinical observation: threshold for patient 1 (Confidence: 0.95)
[ACmK Training] Learned from clinical observation: pattern for patient 1 (Confidence: 0.8)
[ACmK Training] Learned from clinical observation: threshold for patient 1 (Confidence: 0.95)
[ACmK Training] Learned from clinical observation: pattern for patient 1 (Confidence: 0.8)
[ACmK Training] Learned from clinical observation: threshold for patient 1 (Confidence: 0.95)
[ACmK Training] Learned from clinical observation: pattern for patient 1 (Confidence: 0.8)
[ACmK Training] Learned from clinical observation: threshold for patient 1 (Confidence: 0.95)
[ACmK Training] Learned from clinical observation: pattern for patient 1 (Confidence: 0.8)
[ACmK Training] Learned from clinical observation: threshold for patient 1 (Confidence: 0.95)
[ACmK Training] Learned from clinical observation: pattern for patient 1 (Confidence: 0.8)
[ACmK Training] Learned from clinical observation: threshold for patient 1 (Confidence: 0.95)
[ACmK Training] Learned from clinical observation: pattern for patient 1 (Confidence: 0.8)
[ACmK Training] Learned from clinical observation: threshold for patient 1 (Confidence: 0.95)
[ACmK Training] Learned from clinical observation: pattern for patient 1 (Confidence: 0.8)
[ACmK Training] Learned from clinical observation: threshold for patient 1 (Confidence: 0.95)
[ACmK Training] Learned from clinical observation: pattern for patient 1 (Confidence: 0.8)
[ACmK Training] Learned from clinical observation: threshold for patient 1 (Confidence: 0.95)
[ACmK Training] Learned from clinical observation: pattern for patient 1 (Confidence: 0.8)
[ACmK Training] Learned from clinical observation: threshold for patient 1 (Confidence: 0.95)
[ACmK Training] Learned from clinical observation: pattern for patient 1 (Confidence: 0.8)
[ACmK Training] Learned from clinical observation: threshold for patient 1 (Confidence: 0.95)
[ACmK Training] Learned from clinical observation: pattern for patient 1 (Confidence: 0.8)
[ACmK Training] Learned from clinical observation: threshold for patient 1 (Confidence: 0.95)
[ACmK Training] Learned from clinical observation: pattern for patient 1 (Confidence: 0.8)
[ACmK Training] Learned from clinical observation: threshold for patient 1 (Confidence: 0.95)
[ACmK Training] Learned from clinical observation: pattern for patient 1 (Confidence: 0.8)
[ACmK Training] Learned from clinical observation: threshold for patient 1 (Confidence: 0.95)
[ACmK Training] Learned from clinical observation: pattern for patient 1 (Confidence: 0.8)
[ACmK Training] Learned from clinical observation: threshold for patient 1 (Confidence: 0.95)
[ACmK Training] Learned from clinical observation: pattern for patient 1 (Confidence: 0.8)
[ACmK Training] Learned from clinical observation: threshold for patient 1 (Confidence: 0.95)
[ACmK Training] Learned from clinical observation: pattern for patient 1 (Confidence: 0.8)
[ACmK Training] Learned from clinical observation: threshold for patient 1 (Confidence: 0.95)
[ACmK Training] Learned from clinical observation: pattern for patient 1 (Confidence: 0.8)
[ACmK Training] Learned from clinical observation: threshold for patient 1 (Confidence: 0.95)
[ACmK Training] Learned from clinical observation: pattern for patient 1 (Confidence: 0.8)
[ACmK Training] Learned from clinical observation: threshold for patient 1 (Confidence: 0.95)
[ACmK Training] Learned from clinical observation: pattern for patient 1 (Confidence: 0.8)
[ACmK Training] Learned from clinical observation: threshold for patient 1 (Confidence: 0.95)
[ACmK Training] Learned from clinical observation: pattern for patient 1 (Confidence: 0.8)
[ACmK Training] Learned from clinical observation: threshold for patient 1 (Confidence: 0.95)
[ACmK Training] Learned from clinical observation: pattern for patient 1 (Confidence: 0.8)
[ACmK Training] Learned from clinical observation: threshold for patient 1 (Confidence: 0.95)
[ACmK Training] Learned from clinical observation: pattern for patient 1 (Confidence: 0.8)
[ACmK Training] Learned from clinical observation: threshold for patient 1 (Confidence: 0.95)
[ACmK Training] Learned from clinical observation: pattern for patient 1 (Confidence: 0.8)
[ACmK Training] Learned from clinical observation: threshold for patient 1 (Confidence: 0.95)
[ACmK Training] Learned from clinical observation: pattern for patient 1 (Confidence: 0.8)
[ACmK Training] Learned from clinical observation: threshold for patient 1 (Confidence: 0.95)
[ACmK Training] Learned from clinical observation: pattern for patient 1 (Confidence: 0.8)
[ACmK Training] Learned from clinical observation: threshold for patient 1 (Confidence: 0.95)
[ACmK Training] Learned from clinical observation: pattern for patient 1 (Confidence: 0.8)
[ACmK Training] Learned from clinical observation: threshold for patient 1 (Confidence: 0.95)
[ACmK Training] Learned from clinical observation: pattern for patient 1 (Confidence: 0.8)
[ACmK Training] Learned from clinical observation: threshold for patient 1 (Confidence: 0.95)
[ACmK Training] Learned from clinical observation: pattern for patient 1 (Confidence: 0.8)
[ACmK Training] Learned from clinical observation: threshold for patient 1 (Confidence: 0.95)
[ACmK Training] Learned from clinical observation: pattern for patient 1 (Confidence: 0.8)
[ACmK Training] Learned from clinical observation: threshold for patient 1 (Confidence: 0.95)
[ACmK Training] Learned from clinical observation: pattern for patient 1 (Confidence: 0.8)
[ACmK Training] Learned from clinical observation: threshold for patient 1 (Confidence: 0.95)
[ACmK Training] Learned from clinical observation: pattern for patient 1 (Confidence: 0.8)
[ACmK Training] Learned from clinical observation: threshold for patient 1 (Confidence: 0.95)
[ACmK Training] Learned from clinical observation: pattern for patient 1 (Confidence: 0.8)
[ACmK Training] Learned from clinical observation: threshold for patient 1 (Confidence: 0.95)
[ACmK Training] Learned from clinical observation: pattern for patient 1 (Confidence: 0.8)
[ACmK Training] Learned from clinical observation: threshold for patient 1 (Confidence: 0.95)
[ACmK Training] Learned from clinical observation: pattern for patient 1 (Confidence: 0.8)
[ACmK Training] Learned from clinical observation: threshold for patient 1 (Confidence: 0.95)
[ACmK Training] Learned from clinical observation: pattern for patient 1 (Confidence: 0.8)
[ACmK Training] Learned from clinical observation: threshold for patient 1 (Confidence: 0.95)
[ACmK Training] Learned from clinical observation: pattern for patient 1 (Confidence: 0.8)
[ACmK Training] Learned from clinical observation: threshold for patient 1 (Confidence: 0.95)
[ACmK Training] Learned from clinical observation: pattern for patient 1 (Confidence: 0.8)
[ACmK Training] Learned from clinical observation: threshold for patient 1 (Confidence: 0.95)
[ACmK Training] Learned from clinical observation: pattern for patient 1 (Confidence: 0.8)
[ACmK Training] Learned from clinical observation: threshold for patient 1 (Confidence: 0.95)
[ACmK Training] Learned from clinical observation: pattern for patient 1 (Confidence: 0.8)
[ACmK Training] Learned from clinical observation: threshold for patient 1 (Confidence: 0.95)
[ACmK Training] Learned from clinical observation: pattern for patient 1 (Confidence: 0.8)
[ACmK Training] Learned from clinical observation: threshold for patient 1 (Confidence: 0.95)
[ACmK Training] Learned from clinical observation: pattern for patient 1 (Confidence: 0.8)
[ACmK Training] Learned from clinical observation: threshold for patient 1 (Confidence: 0.95)
[ACmK Training] Learned from clinical observation: pattern for patient 1 (Confidence: 0.8)
[ACmK Training] Learned from clinical observation: threshold for patient 1 (Confidence: 0.95)
[ACmK Training] Learned from clinical observation: pattern for patient 1 (Confidence: 0.8)
[ACmK Training] Learned from clinical observation: threshold for patient 1 (Confidence: 0.95)
[ACmK Training] Learned from clinical observation: pattern for patient 1 (Confidence: 0.8)
[ACmK Training] Learned from clinical observation: threshold for patient 1 (Confidence: 0.95)
[ACmK Training] Learned from clinical observation: pattern for patient 1 (Confidence: 0.8)
[ACmK Training] Learned from clinical observation: threshold for patient 1 (Confidence: 0.95)
[ACmK Training] Learned from clinical observation: pattern for patient 1 (Confidence: 0.8)
[ACmK Training] Learned from clinical observation: threshold for patient 1 (Confidence: 0.95)
[ACmK Training] Learned from clinical observation: pattern for patient 1 (Confidence: 0.8)
[ACmK Training] Learned from clinical observation: threshold for patient 1 (Confidence: 0.95)
[ACmK Training] Learned from clinical observation: pattern for patient 1 (Confidence: 0.8)
[ACmK Training] Learned from clinical observation: threshold for patient 1 (Confidence: 0.95)
[ACmK Training] Learned from clinical observation: pattern for patient 1 (Confidence: 0.8)
[ACmK Training] Learned from clinical observation: threshold for patient 1 (Confidence: 0.95)
[ACmK Training] Learned from clinical observation: pattern for patient 1 (Confidence: 0.8)
[ACmK Training] Learned from clinical observation: threshold for patient 1 (Confidence: 0.95)
[ACmK Training] Learned from clinical observation: pattern for patient 1 (Confidence: 0.8)
[ACmK Training] Learned from clinical observation: threshold for patient 1 (Confidence: 0.95)
[ACmK Training] Learned from clinical observation: pattern for patient 1 (Confidence: 0.8)
[ACmK Training] Learned from clinical observation: threshold for patient 1 (Confidence: 0.95)
[ACmK Training] Learned from clinical observation: pattern for patient 1 (Confidence: 0.8)
[ACmK Training] Learned from clinical observation: threshold for patient 1 (Confidence: 0.95)
[ACmK Training] Learned from clinical observation: pattern for patient 1 (Confidence: 0.8)
[ACmK Training] Learned from clinical observation: threshold for patient 1 (Confidence: 0.95)
[ACmK Training] Learned from clinical observation: pattern for patient 1 (Confidence: 0.8)
[ACmK Training] Learned from clinical observation: threshold for patient 1 (Confidence: 0.95)
[ACmK Training] Learned from clinical observation: pattern for patient 1 (Confidence: 0.8)
[ACmK Training] Learned from clinical observation: threshold for patient 1 (Confidence: 0.95)
[ACmK Training] Learned from clinical observation: pattern for patient 1 (Confidence: 0.8)
[ACmK Training] Learned from clinical observation: threshold for patient 1 (Confidence: 0.95)
[ACmK Training] Learned from clinical observation: pattern for patient 1 (Confidence: 0.8)
[ACmK Training] Learned from clinical observation: threshold for patient 1 (Confidence: 0.95)
[ACmK Training] Learned from clinical observation: pattern for patient 1 (Confidence: 0.8)
[ACmK Training] Learned from clinical observation: threshold for patient 1 (Confidence: 0.95)
[ACmK Training] Learned from clinical observation: pattern for patient 1 (Confidence: 0.8)
[ACmK Training] Learned from clinical observation: threshold for patient 1 (Confidence: 0.95)
[ACmK Training] Learned from clinical observation: pattern for patient 1 (Confidence: 0.8)
[ACmK Training] Learned from clinical observation: threshold for patient 1 (Confidence: 0.95)
[ACmK Training] Learned from clinical observation: pattern for patient 1 (Confidence: 0.8)
[ACmK Training] Learned from clinical observation: threshold for patient 1 (Confidence: 0.95)
[ACmK Training] Learned from clinical observation: pattern for patient 1 (Confidence: 0.8)
[ACmK Training] Learned from clinical observation: threshold for patient 1 (Confidence: 0.95)
[ACmK Training] Learned from clinical observation: pattern for patient 1 (Confidence: 0.8)
[ACmK Training] Learned from clinical observation: threshold for patient 1 (Confidence: 0.95)
[ACmK Training] Learned from clinical observation: pattern for patient 1 (Confidence: 0.8)
[ACmK Training] Learned from clinical observation: threshold for patient 1 (Confidence: 0.95)
[ACmK Training] Learned from clinical observation: pattern for patient 1 (Confidence: 0.8)
[ACmK Training] Learned from clinical observation: threshold for patient 1 (Confidence: 0.95)
[ACmK Training] Learned from clinical observation: pattern for patient 1 (Confidence: 0.8)
[ACmK Training] Learned from clinical observation: threshold for patient 1 (Confidence: 0.95)
[ACmK Training] Learned from clinical observation: pattern for patient 1 (Confidence: 0.8)
[ACmK Training] Learned from clinical observation: threshold for patient 1 (Confidence: 0.95)
[ACmK Training] Learned from clinical observation: pattern for patient 1 (Confidence: 0.8)
[ACmK Training] Learned from clinical observation: threshold for patient 1 (Confidence: 0.95)
[ACmK Training] Learned from clinical observation: pattern for patient 1 (Confidence: 0.8)
[ACmK Training] Learned from clinical observation: threshold for patient 1 (Confidence: 0.95)
[ACmK Training] Learned from clinical observation: pattern for patient 1 (Confidence: 0.8)
[ACmK Training] Learned from clinical observation: threshold for patient 1 (Confidence: 0.95)
[ACmK Training] Learned from clinical observation: pattern for patient 1 (Confidence: 0.8)
[ACmK Training] Learned from clinical observation: threshold for patient 1 (Confidence: 0.95)
[ACmK Training] Learned from clinical observation: pattern for patient 1 (Confidence: 0.8)
[ACmK Training] Learned from clinical observation: threshold for patient 1 (Confidence: 0.95)
[ACmK Training] Learned from clinical observation: pattern for patient 1 (Confidence: 0.8)
[ACmK Training] Learned from clinical observation: threshold for patient 1 (Confidence: 0.95)
[ACmK Training] Learned from clinical observation: pattern for patient 1 (Confidence: 0.8)
[ACmK Training] Learned from clinical observation: threshold for patient 1 (Confidence: 0.95)
[ACmK Training] Learned from clinical observation: pattern for patient 1 (Confidence: 0.8)
[ACmK Training] Learned from clinical observation: threshold for patient 1 (Confidence: 0.95)
[ACmK Training] Learned from clinical observation: pattern for patient 1 (Confidence: 0.8)
[ACmK Training] Learned from clinical observation: threshold for patient 1 (Confidence: 0.95)
[ACmK Training] Learned from clinical observation: pattern for patient 1 (Confidence: 0.8)
[ACmK Training] Learned from clinical observation: threshold for patient 1 (Confidence: 0.95)
[ACmK Training] Learned from clinical observation: pattern for patient 1 (Confidence: 0.8)
[ACmK Training] Learned from clinical observation: threshold for patient 1 (Confidence: 0.95)
[ACmK Training] Learned from clinical observation: pattern for patient 1 (Confidence: 0.8)
[ACmK Training] Learned from clinical observation: threshold for patient 1 (Confidence: 0.95)
[ACmK Training] Learned from clinical observation: pattern for patient 1 (Confidence: 0.8)
[ACmK Training] Learned from clinical observation: threshold for patient 1 (Confidence: 0.95)
[ACmK Training] Learned from clinical observation: pattern for patient 1 (Confidence: 0.8)
[ACmK Training] Learned from clinical observation: threshold for patient 1 (Confidence: 0.95)
[ACmK Training] Learned from clinical observation: pattern for patient 1 (Confidence: 0.8)
[ACmK Training] Learned from clinical observation: threshold for patient 1 (Confidence: 0.95)
[ACmK Training] Learned from clinical observation: pattern for patient 1 (Confidence: 0.8)
[ACmK Training] Learned from clinical observation: threshold for patient 1 (Confidence: 0.95)
[ACmK Training] Learned from clinical observation: pattern for patient 1 (Confidence: 0.8)
[ACmK Training] Learned from clinical observation: threshold for patient 1 (Confidence: 0.95)
[ACmK Training] Learned from clinical observation: pattern for patient 1 (Confidence: 0.8)
[ACmK Training] Learned from clinical observation: threshold for patient 1 (Confidence: 0.95)
[ACmK Training] Learned from clinical observation: pattern for patient 1 (Confidence: 0.8)
[ACmK Training] Learned from clinical observation: threshold for patient 1 (Confidence: 0.95)
[ACmK Training] Learned from clinical observation: pattern for patient 1 (Confidence: 0.8)
[ACmK Training] Learned from clinical observation: threshold for patient 1 (Confidence: 0.95)
[ACmK Training] Learned from clinical observation: pattern for patient 1 (Confidence: 0.8)
[ACmK Training] Learned from clinical observation: threshold for patient 1 (Confidence: 0.95)
[ACmK Training] Learned from clinical observation: pattern for patient 1 (Confidence: 0.8)
[ACmK Training] Learned from clinical observation: threshold for patient 1 (Confidence: 0.95)
[ACmK Training] Learned from clinical observation: pattern for patient 1 (Confidence: 0.8)
[ACmK Training] Learned from clinical observation: threshold for patient 1 (Confidence: 0.95)
[ACmK Training] Learned from clinical observation: pattern for patient 1 (Confidence: 0.8)
[ACmK Training] Learned from clinical observation: threshold for patient 1 (Confidence: 0.95)
[ACmK Training] Learned from clinical observation: pattern for patient 1 (Confidence: 0.8)
[ACmK Training] Learned from clinical observation: threshold for patient 1 (Confidence: 0.95)
[ACmK Training] Learned from clinical observation: pattern for patient 1 (Confidence: 0.8)
[ACmK Training] Learned from clinical observation: threshold for patient 1 (Confidence: 0.95)
[ACmK Training] Learned from clinical observation: pattern for patient 1 (Confidence: 0.8)
[ACmK Training] Learned from clinical observation: threshold for patient 1 (Confidence: 0.95)
[ACmK Training] Learned from clinical observation: pattern for patient 1 (Confidence: 0.8)
[ACmK Training] Learned from clinical observation: threshold for patient 1 (Confidence: 0.95)
[ACmK Training] Learned from clinical observation: pattern for patient 1 (Confidence: 0.8)
[ACmK Training] Learned from clinical observation: threshold for patient 1 (Confidence: 0.95)
[ACmK Training] Learned from clinical observation: pattern for patient 1 (Confidence: 0.8)
[ACmK Training] Learned from clinical observation: threshold for patient 1 (Confidence: 0.95)
[ACmK Training] Learned from clinical observation: pattern for patient 1 (Confidence: 0.8)
[ACmK Training] Learned from clinical observation: threshold for patient 1 (Confidence: 0.95)
[ACmK Training] Learned from clinical observation: pattern for patient 1 (Confidence: 0.8)
[ACmK Training] Learned from clinical observation: threshold for patient 1 (Confidence: 0.95)
[ACmK Training] Learned from clinical observation: pattern for patient 1 (Confidence: 0.8)
[ACmK Training] Learned from clinical observation: threshold for patient 1 (Confidence: 0.95)
[ACmK Training] Learned from clinical observation: pattern for patient 1 (Confidence: 0.8)
[ACmK Training] Learned from clinical observation: threshold for patient 1 (Confidence: 0.95)
[ACmK Training] Learned from clinical observation: pattern for patient 1 (Confidence: 0.8)
[ACmK Training] Learned from clinical observation: threshold for patient 1 (Confidence: 0.95)
[ACmK Training] Learned from clinical observation: pattern for patient 1 (Confidence: 0.8)
[ACmK Training] Learned from clinical observation: threshold for patient 1 (Confidence: 0.95)
[ACmK Training] Learned from clinical observation: pattern for patient 1 (Confidence: 0.8)
[ACmK Training] Learned from clinical observation: threshold for patient 1 (Confidence: 0.95)
[ACmK Training] Learned from clinical observation: pattern for patient 1 (Confidence: 0.8)
[ACmK Training] Learned from clinical observation: threshold for patient 1 (Confidence: 0.95)
[ACmK Training] Learned from clinical observation: pattern for patient 1 (Confidence: 0.8)
[ACmK Training] Learned from clinical observation: threshold for patient 1 (Confidence: 0.95)
[ACmK Training] Learned from clinical observation: pattern for patient 1 (Confidence: 0.8)
[ACmK Training] Learned from clinical observation: threshold for patient 1 (Confidence: 0.95)
[ACmK Training] Learned from clinical observation: pattern for patient 1 (Confidence: 0.8)
[ACmK Training] Learned from clinical observation: threshold for patient 1 (Confidence: 0.95)
[ACmK Training] Learned from clinical observation: pattern for patient 1 (Confidence: 0.8)
[ACmK Training] Learned from clinical observation: threshold for patient 1 (Confidence: 0.95)
[ACmK Training] Learned from clinical observation: pattern for patient 1 (Confidence: 0.8)
[ACmK Training] Learned from clinical observation: threshold for patient 1 (Confidence: 0.95)
[ACmK Training] Learned from clinical observation: pattern for patient 1 (Confidence: 0.8)
[ACmK Training] Learned from clinical observation: threshold for patient 1 (Confidence: 0.95)
[ACmK Training] Learned from clinical observation: pattern for patient 1 (Confidence: 0.8)
[ACmK Training] Learned from clinical observation: threshold for patient 1 (Confidence: 0.95)
[ACmK Training] Learned from clinical observation: pattern for patient 1 (Confidence: 0.8)
[ACmK Training] Learned from clinical observation: threshold for patient 1 (Confidence: 0.95)
[ACmK Training] Learned from clinical observation: pattern for patient 1 (Confidence: 0.8)
[ACmK Training] Learned from clinical observation: threshold for patient 1 (Confidence: 0.95)
[ACmK Training] Learned from clinical observation: pattern for patient 1 (Confidence: 0.8)
[ACmK Training] Learned from clinical observation: threshold for patient 1 (Confidence: 0.95)
[ACmK Training] Learned from clinical observation: pattern for patient 1 (Confidence: 0.8)
[ACmK Training] Learned from clinical observation: threshold for patient 1 (Confidence: 0.95)
[ACmK Training] Learned from clinical observation: pattern for patient 1 (Confidence: 0.8)
[ACmK Training] Learned from clinical observation: threshold for patient 1 (Confidence: 0.95)
[ACmK Training] Learned from clinical observation: pattern for patient 1 (Confidence: 0.8)
[ACmK Training] Learned from clinical observation: threshold for patient 1 (Confidence: 0.95)
[ACmK Training] Learned from clinical observation: pattern for patient 1 (Confidence: 0.8)
[ACmK Training] Learned from clinical observation: threshold for patient 1 (Confidence: 0.95)
[ACmK Training] Learned from clinical observation: pattern for patient 1 (Confidence: 0.8)
[ACmK Training] Learned from clinical observation: threshold for patient 1 (Confidence: 0.95)
[ACmK Training] Learned from clinical observation: pattern for patient 1 (Confidence: 0.8)
[ACmK Training] Learned from clinical observation: threshold for patient 1 (Confidence: 0.95)
[ACmK Training] Learned from clinical observation: pattern for patient 1 (Confidence: 0.8)
[ACmK Training] Learned from clinical observation: threshold for patient 1 (Confidence: 0.95)
[ACmK Training] Learned from clinical observation: pattern for patient 1 (Confidence: 0.8)
[ACmK Training] Learned from clinical observation: threshold for patient 1 (Confidence: 0.95)
[ACmK Training] Learned from clinical observation: pattern for patient 1 (Confidence: 0.8)
[ACmK Training] Learned from clinical observation: threshold for patient 1 (Confidence: 0.95)
[ACmK Training] Learned from clinical observation: pattern for patient 1 (Confidence: 0.8)
[ACmK Training] Learned from clinical observation: threshold for patient 1 (Confidence: 0.95)
[ACmK Training] Learned from clinical observation: pattern for patient 1 (Confidence: 0.8)
[ACmK Training] Learned from clinical observation: threshold for patient 1 (Confidence: 0.95)
[ACmK Training] Learned from clinical observation: pattern for patient 1 (Confidence: 0.8)
[ACmK Training] Learned from clinical observation: threshold for patient 1 (Confidence: 0.95)
[ACmK Training] Learned from clinical observation: pattern for patient 1 (Confidence: 0.8)
[ACmK Training] Learned from clinical observation: threshold for patient 1 (Confidence: 0.95)
[ACmK Training] Learned from clinical observation: pattern for patient 1 (Confidence: 0.8)
[ACmK Training] Learned from clinical observation: threshold for patient 1 (Confidence: 0.95)
[ACmK Training] Learned from clinical observation: pattern for patient 1 (Confidence: 0.8)
[ACmK Training] Learned from clinical observation: threshold for patient 1 (Confidence: 0.95)
[ACmK Training] Learned from clinical observation: pattern for patient 1 (Confidence: 0.8)
[ACmK Training] Learned from clinical observation: threshold for patient 1 (Confidence: 0.95)
[ACmK Training] Learned from clinical observation: pattern for patient 1 (Confidence: 0.8)
[ACmK Training] Learned from clinical observation: threshold for patient 1 (Confidence: 0.95)
[ACmK Training] Learned from clinical observation: pattern for patient 1 (Confidence: 0.8)
[ACmK Training] Learned from clinical observation: threshold for patient 1 (Confidence: 0.95)
[ACmK Training] Learned from clinical observation: pattern for patient 1 (Confidence: 0.8)
[ACmK Training] Learned from clinical observation: threshold for patient 1 (Confidence: 0.95)
[ACmK Training] Learned from clinical observation: pattern for patient 1 (Confidence: 0.8)
[ACmK Training] Learned from clinical observation: threshold for patient 1 (Confidence: 0.95)
[ACmK Training] Learned from clinical observation: pattern for patient 1 (Confidence: 0.8)
[ACmK Training] Learned from clinical observation: threshold for patient 1 (Confidence: 0.95)
[ACmK Training] Learned from clinical observation: pattern for patient 1 (Confidence: 0.8)
[ACmK Training] Learned from clinical observation: threshold for patient 1 (Confidence: 0.95)
[ACmK Training] Learned from clinical observation: pattern for patient 1 (Confidence: 0.8)
[ACmK Training] Learned from clinical observation: threshold for patient 1 (Confidence: 0.95)
[ACmK Training] Learned from clinical observation: pattern for patient 1 (Confidence: 0.8)
[ACmK Training] Learned from clinical observation: threshold for patient 1 (Confidence: 0.95)
[ACmK Training] Learned from clinical observation: pattern for patient 1 (Confidence: 0.8)
[ACmK Training] Learned from clinical observation: threshold for patient 1 (Confidence: 0.95)
[ACmK Training] Learned from clinical observation: pattern for patient 1 (Confidence: 0.8)
[ACmK Training] Learned from clinical observation: threshold for patient 1 (Confidence: 0.95)
[ACmK Training] Learned from clinical observation: pattern for patient 1 (Confidence: 0.8)
[ACmK Training] Learned from clinical observation: threshold for patient 1 (Confidence: 0.95)
[ACmK Training] Learned from clinical observation: pattern for patient 1 (Confidence: 0.8)
[ACmK Training] Learned from clinical observation: threshold for patient 1 (Confidence: 0.95)
[ACmK Training] Learned from clinical observation: pattern for patient 1 (Confidence: 0.8)
[ACmK Training] Learned from clinical observation: threshold for patient 1 (Confidence: 0.95)
[ACmK Training] Learned from clinical observation: pattern for patient 1 (Confidence: 0.8)
[ACmK Training] Learned from clinical observation: threshold for patient 1 (Confidence: 0.95)
[ACmK Training] Learned from clinical observation: pattern for patient 1 (Confidence: 0.8)
[ACmK Training] Learned from clinical observation: threshold for patient 1 (Confidence: 0.95)
[ACmK Training] Learned from clinical observation: pattern for patient 1 (Confidence: 0.8)
[ACmK Training] Learned from clinical observation: threshold for patient 1 (Confidence: 0.95)
[ACmK Training] Learned from clinical observation: pattern for patient 1 (Confidence: 0.8)
[ACmK Training] Learned from clinical observation: threshold for patient 1 (Confidence: 0.95)
[ACmK Training] Learned from clinical observation: pattern for patient 1 (Confidence: 0.8)
[ACmK Training] Learned from clinical observation: threshold for patient 1 (Confidence: 0.95)
[ACmK Training] Learned from clinical observation: pattern for patient 1 (Confidence: 0.8)
[ACmK Training] Learned from clinical observation: threshold for patient 1 (Confidence: 0.95)
[ACmK Training] Learned from clinical observation: pattern for patient 1 (Confidence: 0.8)
[ACmK Training] Learned from clinical observation: threshold for patient 1 (Confidence: 0.95)
[ACmK Training] Learned from clinical observation: pattern for patient 1 (Confidence: 0.8)
[ACmK Training] Learned from clinical observation: threshold for patient 1 (Confidence: 0.95)
[ACmK Training] Learned from clinical observation: pattern for patient 1 (Confidence: 0.8)
[ACmK Training] Learned from clinical observation: threshold for patient 1 (Confidence: 0.95)
[ACmK Training] Learned from clinical observation: pattern for patient 1 (Confidence: 0.8)
[ACmK Training] Learned from clinical observation: threshold for patient 1 (Confidence: 0.95)
[ACmK Training] Learned from clinical observation: pattern for patient 1 (Confidence: 0.8)
[ACmK Training] Learned from clinical observation: threshold for patient 1 (Confidence: 0.95)
[ACmK Training] Learned from clinical observation: pattern for patient 1 (Confidence: 0.8)
[ACmK Training] Learned from clinical observation: threshold for patient 1 (Confidence: 0.95)
[ACmK Training] Learned from clinical observation: pattern for patient 1 (Confidence: 0.8)
[ACmK Training] Learned from clinical observation: threshold for patient 1 (Confidence: 0.95)
[ACmK Training] Learned from clinical observation: pattern for patient 1 (Confidence: 0.8)
[ACmK Training] Learned from clinical observation: threshold for patient 1 (Confidence: 0.95)
[ACmK Training] Learned from clinical observation: pattern for patient 1 (Confidence: 0.8)
[ACmK Training] Learned from clinical observation: threshold for patient 1 (Confidence: 0.95)
[ACmK Training] Learned from clinical observation: pattern for patient 1 (Confidence: 0.8)
[ACmK Training] Learned from clinical observation: threshold for patient 1 (Confidence: 0.95)
[ACmK Training] Learned from clinical observation: pattern for patient 1 (Confidence: 0.8)
[ACmK Training] Learned from clinical observation: threshold for patient 1 (Confidence: 0.95)
[ACmK Training] Learned from clinical observation: pattern for patient 1 (Confidence: 0.8)
[ACmK Training] Learned from clinical observation: threshold for patient 1 (Confidence: 0.95)
[ACmK Training] Learned from clinical observation: pattern for patient 1 (Confidence: 0.8)
[ACmK Training] Learned from clinical observation: threshold for patient 1 (Confidence: 0.95)
[ACmK Training] Learned from clinical observation: pattern for patient 1 (Confidence: 0.8)
[ACmK Training] Learned from clinical observation: threshold for patient 1 (Confidence: 0.95)
[ACmK Training] Learned from clinical observation: pattern for patient 1 (Confidence: 0.8)
[ACmK Training] Learned from clinical observation: threshold for patient 1 (Confidence: 0.95)
[ACmK Training] Learned from clinical observation: pattern for patient 1 (Confidence: 0.8)
[ACmK Training] Learned from clinical observation: threshold for patient 1 (Confidence: 0.95)
[ACmK Training] Learned from clinical observation: pattern for patient 1 (Confidence: 0.8)
[ACmK Training] Learned from clinical observation: threshold for patient 1 (Confidence: 0.95)
[ACmK Training] Learned from clinical observation: pattern for patient 1 (Confidence: 0.8)
[ACmK Training] Learned from clinical observation: threshold for patient 1 (Confidence: 0.95)
[ACmK Training] Learned from clinical observation: pattern for patient 1 (Confidence: 0.8)
[ACmK Training] Learned from clinical observation: threshold for patient 1 (Confidence: 0.95)
[ACmK Training] Learned from clinical observation: pattern for patient 1 (Confidence: 0.8)
[ACmK Training] Learned from clinical observation: threshold for patient 1 (Confidence: 0.95)
[ACmK Training] Learned from clinical observation: pattern for patient 1 (Confidence: 0.8)
[ACmK Training] Learned from clinical observation: threshold for patient 1 (Confidence: 0.95)
[ACmK Training] Learned from clinical observation: pattern for patient 1 (Confidence: 0.8)
[ACmK Training] Learned from clinical observation: threshold for patient 1 (Confidence: 0.95)
[ACmK Training] Learned from clinical observation: pattern for patient 1 (Confidence: 0.8)
[ACmK Training] Learned from clinical observation: threshold for patient 1 (Confidence: 0.95)
[ACmK Training] Learned from clinical observation: pattern for patient 1 (Confidence: 0.8)
[ACmK Training] Learned from clinical observation: threshold for patient 1 (Confidence: 0.95)
[ACmK Training] Learned from clinical observation: pattern for patient 1 (Confidence: 0.8)
[ACmK Training] Learned from clinical observation: threshold for patient 1 (Confidence: 0.95)
[ACmK Training] Learned from clinical observation: pattern for patient 1 (Confidence: 0.8)
[ACmK Training] Learned from clinical observation: threshold for patient 1 (Confidence: 0.95)
[ACmK Training] Learned from clinical observation: pattern for patient 1 (Confidence: 0.8)
[ACmK Training] Learned from clinical observation: threshold for patient 1 (Confidence: 0.95)
[ACmK Training] Learned from clinical observation: pattern for patient 1 (Confidence: 0.8)
[ACmK Training] Learned from clinical observation: threshold for patient 1 (Confidence: 0.95)
[ACmK Training] Learned from clinical observation: pattern for patient 1 (Confidence: 0.8)
[ACmK Training] Learned from clinical observation: threshold for patient 1 (Confidence: 0.95)
[ACmK Training] Learned from clinical observation: pattern for patient 1 (Confidence: 0.8)
[ACmK Training] Learned from clinical observation: threshold for patient 1 (Confidence: 0.95)
[ACmK Training] Learned from clinical observation: pattern for patient 1 (Confidence: 0.8)
[ACmK Training] Learned from clinical observation: threshold for patient 1 (Confidence: 0.95)
[ACmK Training] Learned from clinical observation: pattern for patient 1 (Confidence: 0.8)
[ACmK Training] Learned from clinical observation: threshold for patient 1 (Confidence: 0.95)
[ACmK Training] Learned from clinical observation: pattern for patient 1 (Confidence: 0.8)
[ACmK Training] Learned from clinical observation: threshold for patient 1 (Confidence: 0.95)
[ACmK Training] Learned from clinical observation: pattern for patient 1 (Confidence: 0.8)
[ACmK Training] Learned from clinical observation: threshold for patient 1 (Confidence: 0.95)
[ACmK Training] Learned from clinical observation: pattern for patient 1 (Confidence: 0.8)
[ACmK Training] Learned from clinical observation: threshold for patient 1 (Confidence: 0.95)
[ACmK Training] Learned from clinical observation: pattern for patient 1 (Confidence: 0.8)
[ACmK Training] Learned from clinical observation: threshold for patient 1 (Confidence: 0.95)
[ACmK Training] Learned from clinical observation: pattern for patient 1 (Confidence: 0.8)
[ACmK Training] Learned from clinical observation: threshold for patient 1 (Confidence: 0.95)
[ACmK Training] Learned from clinical observation: pattern for patient 1 (Confidence: 0.8)
[ACmK Training] Learned from clinical observation: threshold for patient 1 (Confidence: 0.95)
[ACmK Training] Learned from clinical observation: pattern for patient 1 (Confidence: 0.8)
[ACmK Training] Learned from clinical observation: threshold for patient 1 (Confidence: 0.95)
[ACmK Training] Learned from clinical observation: pattern for patient 1 (Confidence: 0.8)
[ACmK Training] Learned from clinical observation: threshold for patient 1 (Confidence: 0.95)
[ACmK Training] Learned from clinical observation: pattern for patient 1 (Confidence: 0.8)
[ACmK Training] Learned from clinical observation: threshold for patient 1 (Confidence: 0.95)
[ACmK Training] Learned from clinical observation: pattern for patient 1 (Confidence: 0.8)
[ACmK Training] Learned from clinical observation: threshold for patient 1 (Confidence: 0.95)
[ACmK Training] Learned from clinical observation: pattern for patient 1 (Confidence: 0.8)
[ACmK Training] Learned from clinical observation: threshold for patient 1 (Confidence: 0.95)
[ACmK Training] Learned from clinical observation: pattern for patient 1 (Confidence: 0.8)
[ACmK Training] Learned from clinical observation: threshold for patient 1 (Confidence: 0.95)
[ACmK Training] Learned from clinical observation: pattern for patient 1 (Confidence: 0.8)
[ACmK Training] Learned from clinical observation: threshold for patient 1 (Confidence: 0.95)
[ACmK Training] Learned from clinical observation: pattern for patient 1 (Confidence: 0.8)
[ACmK Training] Learned from clinical observation: threshold for patient 1 (Confidence: 0.95)
[ACmK Training] Learned from clinical observation: pattern for patient 1 (Confidence: 0.8)
[ACmK Training] Learned from clinical observation: threshold for patient 1 (Confidence: 0.95)
[ACmK Training] Learned from clinical observation: pattern for patient 1 (Confidence: 0.8)
[ACmK Training] Learned from clinical observation: threshold for patient 1 (Confidence: 0.95)
[ACmK Training] Learned from clinical observation: pattern for patient 1 (Confidence: 0.8)
[ACmK Training] Learned from clinical observation: threshold for patient 1 (Confidence: 0.95)
[ACmK Training] Learned from clinical observation: pattern for patient 1 (Confidence: 0.8)
[ACmK Training] Learned from clinical observation: threshold for patient 1 (Confidence: 0.95)
[ACmK Training] Learned from clinical observation: pattern for patient 1 (Confidence: 0.8)
[ACmK Training] Learned from clinical observation: threshold for patient 1 (Confidence: 0.95)
[ACmK Training] Learned from clinical observation: pattern for patient 1 (Confidence: 0.8)
[ACmK Training] Learned from clinical observation: threshold for patient 1 (Confidence: 0.95)
[ACmK Training] Learned from clinical observation: pattern for patient 1 (Confidence: 0.8)
[ACmK Training] Learned from clinical observation: threshold for patient 1 (Confidence: 0.95)
[ACmK Training] Learned from clinical observation: pattern for patient 1 (Confidence: 0.8)
[ACmK Training] Learned from clinical observation: threshold for patient 1 (Confidence: 0.95)
[ACmK Training] Learned from clinical observation: pattern for patient 1 (Confidence: 0.8)
[ACmK Training] Learned from clinical observation: threshold for patient 1 (Confidence: 0.95)
[ACmK Training] Learned from clinical observation: pattern for patient 1 (Confidence: 0.8)
[ACmK Training] Learned from clinical observation: threshold for patient 1 (Confidence: 0.95)
[ACmK Training] Learned from clinical observation: pattern for patient 1 (Confidence: 0.8)
[ACmK Training] Learned from clinical observation: threshold for patient 1 (Confidence: 0.95)
[ACmK Training] Learned from clinical observation: pattern for patient 1 (Confidence: 0.8)
[ACmK Training] Learned from clinical observation: threshold for patient 1 (Confidence: 0.95)
[ACmK Training] Learned from clinical observation: pattern for patient 1 (Confidence: 0.8)
[ACmK Training] Learned from clinical observation: threshold for patient 1 (Confidence: 0.95)
[ACmK Training] Learned from clinical observation: pattern for patient 1 (Confidence: 0.8)
[ACmK Training] Learned from clinical observation: threshold for patient 1 (Confidence: 0.95)
[ACmK Training] Learned from clinical observation: pattern for patient 1 (Confidence: 0.8)
[ACmK Training] Learned from clinical observation: threshold for patient 1 (Confidence: 0.95)
[ACmK Training] Learned from clinical observation: pattern for patient 1 (Confidence: 0.8)
[ACmK Training] Learned from clinical observation: threshold for patient 1 (Confidence: 0.95)
[ACmK Training] Learned from clinical observation: pattern for patient 1 (Confidence: 0.8)
[ACmK Training] Learned from clinical observation: threshold for patient 1 (Confidence: 0.95)
[ACmK Training] Learned from clinical observation: pattern for patient 1 (Confidence: 0.8)
[ACmK Training] Learned from clinical observation: threshold for patient 1 (Confidence: 0.95)
[ACmK Training] Learned from clinical observation: pattern for patient 1 (Confidence: 0.8)
[ACmK Training] Learned from clinical observation: threshold for patient 1 (Confidence: 0.95)
[ACmK Training] Learned from clinical observation: pattern for patient 1 (Confidence: 0.8)
[ACmK Training] Learned from clinical observation: threshold for patient 1 (Confidence: 0.95)
[ACmK Training] Learned from clinical observation: pattern for patient 1 (Confidence: 0.8)
[ACmK Training] Learned from clinical observation: threshold for patient 1 (Confidence: 0.95)
[ACmK Training] Learned from clinical observation: pattern for patient 1 (Confidence: 0.8)
[ACmK Training] Learned from clinical observation: threshold for patient 1 (Confidence: 0.95)
[ACmK Training] Learned from clinical observation: pattern for patient 1 (Confidence: 0.8)
[ACmK Training] Learned from clinical observation: threshold for patient 1 (Confidence: 0.95)
[ACmK Training] Learned from clinical observation: pattern for patient 1 (Confidence: 0.8)
[ACmK Training] Learned from clinical observation: threshold for patient 1 (Confidence: 0.95)
[ACmK Training] Learned from clinical observation: pattern for patient 1 (Confidence: 0.8)
[ACmK Training] Learned from clinical observation: threshold for patient 1 (Confidence: 0.95)
[ACmK Training] Learned from clinical observation: pattern for patient 1 (Confidence: 0.8)
[ACmK Training] Learned from clinical observation: threshold for patient 1 (Confidence: 0.95)
[ACmK Training] Learned from clinical observation: pattern for patient 1 (Confidence: 0.8)
[ACmK Training] Learned from clinical observation: threshold for patient 1 (Confidence: 0.95)
[ACmK Training] Learned from clinical observation: pattern for patient 1 (Confidence: 0.8)
[ACmK Training] Learned from clinical observation: threshold for patient 1 (Confidence: 0.95)
[ACmK Training] Learned from clinical observation: pattern for patient 1 (Confidence: 0.8)
[ACmK Training] Learned from clinical observation: threshold for patient 1 (Confidence: 0.95)
[ACmK Training] Learned from clinical observation: pattern for patient 1 (Confidence: 0.8)
[ACmK Training] Learned from clinical observation: threshold for patient 1 (Confidence: 0.95)
[ACmK Training] Learned from clinical observation: pattern for patient 1 (Confidence: 0.8)
[ACmK Training] Learned from clinical observation: threshold for patient 1 (Confidence: 0.95)
[ACmK Training] Learned from clinical observation: pattern for patient 1 (Confidence: 0.8)
[ACmK Training] Learned from clinical observation: threshold for patient 1 (Confidence: 0.95)
[ACmK Training] Learned from clinical observation: pattern for patient 1 (Confidence: 0.8)
[ACmK Training] Learned from clinical observation: threshold for patient 1 (Confidence: 0.95)
[ACmK Training] Learned from clinical observation: pattern for patient 1 (Confidence: 0.8)
[ACmK Training] Learned from clinical observation: threshold for patient 1 (Confidence: 0.95)
[ACmK Training] Learned from clinical observation: pattern for patient 1 (Confidence: 0.8)
[ACmK Training] Learned from clinical observation: threshold for patient 1 (Confidence: 0.95)
[ACmK Training] Learned from clinical observation: pattern for patient 1 (Confidence: 0.8)
[ACmK Training] Learned from clinical observation: threshold for patient 1 (Confidence: 0.95)
[ACmK Training] Learned from clinical observation: pattern for patient 1 (Confidence: 0.8)
[ACmK Training] Learned from clinical observation: threshold for patient 1 (Confidence: 0.95)
[ACmK Training] Learned from clinical observation: pattern for patient 1 (Confidence: 0.8)
[ACmK Training] Learned from clinical observation: threshold for patient 1 (Confidence: 0.95)
[ACmK Training] Learned from clinical observation: pattern for patient 1 (Confidence: 0.8)
[ACmK Training] Learned from clinical observation: threshold for patient 1 (Confidence: 0.95)
[ACmK Training] Learned from clinical observation: pattern for patient 1 (Confidence: 0.8)
[ACmK Training] Learned from clinical observation: threshold for patient 1 (Confidence: 0.95)
[ACmK Training] Learned from clinical observation: pattern for patient 1 (Confidence: 0.8)
[ACmK Training] Learned from clinical observation: threshold for patient 1 (Confidence: 0.95)
[ACmK Training] Learned from clinical observation: pattern for patient 1 (Confidence: 0.8)
[ACmK Training] Learned from clinical observation: threshold for patient 1 (Confidence: 0.95)
[ACmK Training] Learned from clinical observation: pattern for patient 1 (Confidence: 0.8)
[ACmK Training] Learned from clinical observation: threshold for patient 1 (Confidence: 0.95)
[ACmK Training] Learned from clinical observation: pattern for patient 1 (Confidence: 0.8)
[ACmK Training] Learned from clinical observation: threshold for patient 1 (Confidence: 0.95)
[ACmK Training] Learned from clinical observation: pattern for patient 1 (Confidence: 0.8)
[ACmK Training] Learned from clinical observation: threshold for patient 1 (Confidence: 0.95)
[ACmK Training] Learned from clinical observation: pattern for patient 1 (Confidence: 0.8)
[ACmK Training] Learned from clinical observation: threshold for patient 1 (Confidence: 0.95)
[ACmK Training] Learned from clinical observation: pattern for patient 1 (Confidence: 0.8)
[ACmK Training] Learned from clinical observation: threshold for patient 1 (Confidence: 0.95)
[ACmK Training] Learned from clinical observation: pattern for patient 1 (Confidence: 0.8)
[ACmK Training] Learned from clinical observation: threshold for patient 1 (Confidence: 0.95)
[ACmK Training] Learned from clinical observation: pattern for patient 1 (Confidence: 0.8)
[ACmK Training] Learned from clinical observation: threshold for patient 1 (Confidence: 0.95)
[ACmK Training] Learned from clinical observation: pattern for patient 1 (Confidence: 0.8)
[ACmK Training] Learned from clinical observation: threshold for patient 1 (Confidence: 0.95)
[ACmK Training] Learned from clinical observation: pattern for patient 1 (Confidence: 0.8)
[ACmK Training] Learned from clinical observation: threshold for patient 1 (Confidence: 0.95)
[ACmK Training] Learned from clinical observation: pattern for patient 1 (Confidence: 0.8)
[ACmK Training] Learned from clinical observation: threshold for patient 1 (Confidence: 0.95)
[ACmK Training] Learned from clinical observation: pattern for patient 1 (Confidence: 0.8)
[ACmK Training] Learned from clinical observation: threshold for patient 1 (Confidence: 0.95)
[ACmK Training] Learned from clinical observation: pattern for patient 1 (Confidence: 0.8)
[ACmK Training] Learned from clinical observation: threshold for patient 1 (Confidence: 0.95)
[ACmK Training] Learned from clinical observation: pattern for patient 1 (Confidence: 0.8)
[ACmK Training] Learned from clinical observation: threshold for patient 1 (Confidence: 0.95)
[ACmK Training] Learned from clinical observation: pattern for patient 1 (Confidence: 0.8)
[ACmK Training] Learned from clinical observation: threshold for patient 1 (Confidence: 0.95)
[ACmK Training] Learned from clinical observation: pattern for patient 1 (Confidence: 0.8)
[ACmK Training] Learned from clinical observation: threshold for patient 1 (Confidence: 0.95)
[ACmK Training] Learned from clinical observation: pattern for patient 1 (Confidence: 0.8)
[ACmK Training] Learned from clinical observation: threshold for patient 1 (Confidence: 0.95)
[ACmK Training] Learned from clinical observation: pattern for patient 1 (Confidence: 0.8)
[ACmK Training] Learned from clinical observation: threshold for patient 1 (Confidence: 0.95)
[ACmK Training] Learned from clinical observation: pattern for patient 1 (Confidence: 0.8)
[ACmK Training] Learned from clinical observation: threshold for patient 1 (Confidence: 0.95)
[ACmK Training] Learned from clinical observation: pattern for patient 1 (Confidence: 0.8)
[ACmK Training] Learned from clinical observation: threshold for patient 1 (Confidence: 0.95)
[ACmK Training] Learned from clinical observation: pattern for patient 1 (Confidence: 0.8)
[ACmK Training] Learned from clinical observation: threshold for patient 1 (Confidence: 0.95)
[ACmK Training] Learned from clinical observation: pattern for patient 1 (Confidence: 0.8)
[ACmK Training] Learned from clinical observation: threshold for patient 1 (Confidence: 0.95)
[ACmK Training] Learned from clinical observation: pattern for patient 1 (Confidence: 0.8)
[ACmK Training] Learned from clinical observation: threshold for patient 1 (Confidence: 0.95)
[ACmK Training] Learned from clinical observation: pattern for patient 1 (Confidence: 0.8)
[ACmK Training] Learned from clinical observation: threshold for patient 1 (Confidence: 0.95)
[ACmK Training] Learned from clinical observation: pattern for patient 1 (Confidence: 0.8)
[ACmK Training] Learned from clinical observation: threshold for patient 1 (Confidence: 0.95)
[ACmK Training] Learned from clinical observation: pattern for patient 1 (Confidence: 0.8)
[ACmK Training] Learned from clinical observation: threshold for patient 1 (Confidence: 0.95)
[ACmK Training] Learned from clinical observation: pattern for patient 1 (Confidence: 0.8)
[ACmK Training] Learned from clinical observation: threshold for patient 1 (Confidence: 0.95)
[ACmK Training] Learned from clinical observation: pattern for patient 1 (Confidence: 0.8)
[ACmK Training] Learned from clinical observation: threshold for patient 1 (Confidence: 0.95)
[ACmK Training] Learned from clinical observation: pattern for patient 1 (Confidence: 0.8)
[ACmK Training] Learned from clinical observation: threshold for patient 1 (Confidence: 0.95)
[ACmK Training] Learned from clinical observation: pattern for patient 1 (Confidence: 0.8)
[ACmK Training] Learned from clinical observation: threshold for patient 1 (Confidence: 0.95)
[ACmK Training] Learned from clinical observation: pattern for patient 1 (Confidence: 0.8)
[ACmK Training] Learned from clinical observation: threshold for patient 1 (Confidence: 0.95)
[ACmK Training] Learned from clinical observation: pattern for patient 1 (Confidence: 0.8)
[ACmK Training] Learned from clinical observation: threshold for patient 1 (Confidence: 0.95)
[ACmK Training] Learned from clinical observation: pattern for patient 1 (Confidence: 0.8)
[ACmK Training] Learned from clinical observation: threshold for patient 1 (Confidence: 0.95)
[ACmK Training] Learned from clinical observation: pattern for patient 1 (Confidence: 0.8)
[ACmK Training] Learned from clinical observation: threshold for patient 1 (Confidence: 0.95)
[ACmK Training] Learned from clinical observation: pattern for patient 1 (Confidence: 0.8)
[ACmK Training] Learned from clinical observation: threshold for patient 1 (Confidence: 0.95)
[ACmK Training] Learned from clinical observation: pattern for patient 1 (Confidence: 0.8)
[ACmK Training] Learned from clinical observation: threshold for patient 1 (Confidence: 0.95)
[ACmK Training] Learned from clinical observation: pattern for patient 1 (Confidence: 0.8)
[ACmK Training] Learned from clinical observation: threshold for patient 1 (Confidence: 0.95)
[ACmK Training] Learned from clinical observation: pattern for patient 1 (Confidence: 0.8)
[ACmK Training] Learned from clinical observation: threshold for patient 1 (Confidence: 0.95)
[ACmK Training] Learned from clinical observation: pattern for patient 1 (Confidence: 0.8)
[ACmK Training] Learned from clinical observation: threshold for patient 1 (Confidence: 0.95)
[ACmK Training] Learned from clinical observation: pattern for patient 1 (Confidence: 0.8)
[ACmK Training] Learned from clinical observation: threshold for patient 1 (Confidence: 0.95)
[ACmK Training] Learned from clinical observation: pattern for patient 1 (Confidence: 0.8)
[ACmK Training] Learned from clinical observation: threshold for patient 1 (Confidence: 0.95)
[ACmK Training] Learned from clinical observation: pattern for patient 1 (Confidence: 0.8)
[ACmK Training] Learned from clinical observation: threshold for patient 1 (Confidence: 0.95)
[ACmK Training] Learned from clinical observation: pattern for patient 1 (Confidence: 0.8)
[ACmK Training] Learned from clinical observation: threshold for patient 1 (Confidence: 0.95)
[ACmK Training] Learned from clinical observation: pattern for patient 1 (Confidence: 0.8)
[ACmK Training] Learned from clinical observation: threshold for patient 1 (Confidence: 0.95)
[ACmK Training] Learned from clinical observation: pattern for patient 1 (Confidence: 0.8)
[ACmK Training] Learned from clinical observation: threshold for patient 1 (Confidence: 0.95)
[ACmK Training] Learned from clinical observation: pattern for patient 1 (Confidence: 0.8)
[ACmK Training] Learned from clinical observation: threshold for patient 1 (Confidence: 0.95)
[ACmK Training] Learned from clinical observation: pattern for patient 1 (Confidence: 0.8)
[ACmK Training] Learned from clinical observation: threshold for patient 1 (Confidence: 0.95)
[ACmK Training] Learned from clinical observation: pattern for patient 1 (Confidence: 0.8)
[ACmK Training] Learned from clinical observation: threshold for patient 1 (Confidence: 0.95)
[ACmK Training] Learned from clinical observation: pattern for patient 1 (Confidence: 0.8)
[ACmK Training] Learned from clinical observation: threshold for patient 1 (Confidence: 0.95)
[ACmK Training] Learned from clinical observation: pattern for patient 1 (Confidence: 0.8)
[ACmK Training] Learned from clinical observation: threshold for patient 1 (Confidence: 0.95)
[ACmK Training] Learned from clinical observation: pattern for patient 1 (Confidence: 0.8)
[ACmK Training] Learned from clinical observation: threshold for patient 1 (Confidence: 0.95)
[ACmK Training] Learned from clinical observation: pattern for patient 1 (Confidence: 0.8)
[ACmK Training] Learned from clinical observation: threshold for patient 1 (Confidence: 0.95)
[ACmK Training] Learned from clinical observation: pattern for patient 1 (Confidence: 0.8)
[ACmK Training] Learned from clinical observation: threshold for patient 1 (Confidence: 0.95)
[ACmK Training] Learned from clinical observation: pattern for patient 1 (Confidence: 0.8)
[ACmK Training] Learned from clinical observation: threshold for patient 1 (Confidence: 0.95)
[ACmK Training] Learned from clinical observation: pattern for patient 1 (Confidence: 0.8)
[ACmK Training] Learned from clinical observation: threshold for patient 1 (Confidence: 0.95)
[ACmK Training] Learned from clinical observation: pattern for patient 1 (Confidence: 0.8)
[ACmK Training] Learned from clinical observation: threshold for patient 1 (Confidence: 0.95)
[ACmK Training] Learned from clinical observation: pattern for patient 1 (Confidence: 0.8)
[ACmK Training] Learned from clinical observation: threshold for patient 1 (Confidence: 0.95)
[ACmK Training] Learned from clinical observation: pattern for patient 1 (Confidence: 0.8)
[ACmK Training] Learned from clinical observation: threshold for patient 1 (Confidence: 0.95)
[ACmK Training] Learned from clinical observation: pattern for patient 1 (Confidence: 0.8)
[ACmK Training] Learned from clinical observation: threshold for patient 1 (Confidence: 0.95)
[ACmK Training] Learned from clinical observation: pattern for patient 1 (Confidence: 0.8)
[ACmK Training] Learned from clinical observation: threshold for patient 1 (Confidence: 0.95)
[ACmK Training] Learned from clinical observation: pattern for patient 1 (Confidence: 0.8)
[ACmK Training] Learned from clinical observation: threshold for patient 1 (Confidence: 0.95)
[ACmK Training] Learned from clinical observation: pattern for patient 1 (Confidence: 0.8)
[ACmK Training] Learned from clinical observation: threshold for patient 1 (Confidence: 0.95)
[ACmK Training] Learned from clinical observation: pattern for patient 1 (Confidence: 0.8)
[ACmK Training] Learned from clinical observation: threshold for patient 1 (Confidence: 0.95)
[ACmK Training] Learned from clinical observation: pattern for patient 1 (Confidence: 0.8)
[ACmK Training] Learned from clinical observation: threshold for patient 1 (Confidence: 0.95)
[ACmK Training] Learned from clinical observation: pattern for patient 1 (Confidence: 0.8)
[ACmK Training] Learned from clinical observation: threshold for patient 1 (Confidence: 0.95)
[ACmK Training] Learned from clinical observation: pattern for patient 1 (Confidence: 0.8)
[ACmK Training] Learned from clinical observation: threshold for patient 1 (Confidence: 0.95)
[ACmK Training] Learned from clinical observation: pattern for patient 1 (Confidence: 0.8)
[ACmK Training] Learned from clinical observation: threshold for patient 1 (Confidence: 0.95)
[ACmK Training] Learned from clinical observation: pattern for patient 1 (Confidence: 0.8)
[ACmK Training] Learned from clinical observation: threshold for patient 1 (Confidence: 0.95)
[ACmK Training] Learned from clinical observation: pattern for patient 1 (Confidence: 0.8)
[ACmK Training] Learned from clinical observation: threshold for patient 1 (Confidence: 0.95)
[ACmK Training] Learned from clinical observation: pattern for patient 1 (Confidence: 0.8)
[ACmK Training] Learned from clinical observation: threshold for patient 1 (Confidence: 0.95)
[ACmK Training] Learned from clinical observation: pattern for patient 1 (Confidence: 0.8)
[ACmK Training] Learned from clinical observation: threshold for patient 1 (Confidence: 0.95)
[ACmK Training] Learned from clinical observation: pattern for patient 1 (Confidence: 0.8)
[ACmK Training] Learned from clinical observation: threshold for patient 1 (Confidence: 0.95)
[ACmK Training] Learned from clinical observation: pattern for patient 1 (Confidence: 0.8)
[ACmK Training] Learned from clinical observation: threshold for patient 1 (Confidence: 0.95)
[ACmK Training] Learned from clinical observation: pattern for patient 1 (Confidence: 0.8)
[ACmK Training] Learned from clinical observation: threshold for patient 1 (Confidence: 0.95)
[ACmK Training] Learned from clinical observation: pattern for patient 1 (Confidence: 0.8)
[ACmK Training] Learned from clinical observation: threshold for patient 1 (Confidence: 0.95)
[ACmK Training] Learned from clinical observation: pattern for patient 1 (Confidence: 0.8)
[ACmK Training] Learned from clinical observation: threshold for patient 1 (Confidence: 0.95)
[ACmK Training] Learned from clinical observation: pattern for patient 1 (Confidence: 0.8)
[ACmK Training] Learned from clinical observation: threshold for patient 1 (Confidence: 0.95)
[ACmK Training] Learned from clinical observation: pattern for patient 1 (Confidence: 0.8)
[ACmK Training] Learned from clinical observation: threshold for patient 1 (Confidence: 0.95)
[ACmK Training] Learned from clinical observation: pattern for patient 1 (Confidence: 0.8)
[ACmK Training] Learned from clinical observation: threshold for patient 1 (Confidence: 0.95)
[ACmK Training] Learned from clinical observation: pattern for patient 1 (Confidence: 0.8)
[ACmK Training] Learned from clinical observation: threshold for patient 1 (Confidence: 0.95)
[ACmK Training] Learned from clinical observation: pattern for patient 1 (Confidence: 0.8)
[ACmK Training] Learned from clinical observation: threshold for patient 1 (Confidence: 0.95)
[ACmK Training] Learned from clinical observation: pattern for patient 1 (Confidence: 0.8)
[ACmK Training] Learned from clinical observation: threshold for patient 1 (Confidence: 0.95)
[ACmK Training] Learned from clinical observation: pattern for patient 1 (Confidence: 0.8)
[ACmK Training] Learned from clinical observation: threshold for patient 1 (Confidence: 0.95)
[ACmK Training] Learned from clinical observation: pattern for patient 1 (Confidence: 0.8)
[ACmK Training] Learned from clinical observation: threshold for patient 1 (Confidence: 0.95)
[ACmK Training] Learned from clinical observation: pattern for patient 1 (Confidence: 0.8)
[ACmK Training] Learned from clinical observation: threshold for patient 1 (Confidence: 0.95)
[ACmK Training] Learned from clinical observation: pattern for patient 1 (Confidence: 0.8)
[ACmK Training] Learned from clinical observation: threshold for patient 1 (Confidence: 0.95)
[ACmK Training] Learned from clinical observation: pattern for patient 1 (Confidence: 0.8)
[ACmK Training] Learned from clinical observation: threshold for patient 1 (Confidence: 0.95)
[ACmK Training] Learned from clinical observation: pattern for patient 1 (Confidence: 0.8)
[ACmK Training] Learned from clinical observation: threshold for patient 1 (Confidence: 0.95)
[ACmK Training] Learned from clinical observation: pattern for patient 1 (Confidence: 0.8)
[ACmK Training] Learned from clinical observation: threshold for patient 1 (Confidence: 0.95)
[ACmK Training] Learned from clinical observation: pattern for patient 1 (Confidence: 0.8)
[ACmK Training] Learned from clinical observation: threshold for patient 1 (Confidence: 0.95)
[ACmK Training] Learned from clinical observation: pattern for patient 1 (Confidence: 0.8)
[ACmK Training] Learned from clinical observation: threshold for patient 1 (Confidence: 0.95)
[ACmK Training] Learned from clinical observation: pattern for patient 1 (Confidence: 0.8)
[ACmK Training] Learned from clinical observation: threshold for patient 1 (Confidence: 0.95)
[ACmK Training] Learned from clinical observation: pattern for patient 1 (Confidence: 0.8)
[ACmK Training] Learned from clinical observation: threshold for patient 1 (Confidence: 0.95)
[ACmK Training] Learned from clinical observation: pattern for patient 1 (Confidence: 0.8)
[ACmK Training] Learned from clinical observation: threshold for patient 1 (Confidence: 0.95)
[ACmK Training] Learned from clinical observation: pattern for patient 1 (Confidence: 0.8)
[ACmK Training] Learned from clinical observation: threshold for patient 1 (Confidence: 0.95)
[ACmK Training] Learned from clinical observation: pattern for patient 1 (Confidence: 0.8)
[ACmK Training] Learned from clinical observation: threshold for patient 1 (Confidence: 0.95)
[ACmK Training] Learned from clinical observation: pattern for patient 1 (Confidence: 0.8)
[ACmK Training] Learned from clinical observation: threshold for patient 1 (Confidence: 0.95)
[ACmK Training] Learned from clinical observation: pattern for patient 1 (Confidence: 0.8)
[ACmK Training] Learned from clinical observation: threshold for patient 1 (Confidence: 0.95)
[ACmK Training] Learned from clinical observation: pattern for patient 1 (Confidence: 0.8)
[ACmK Training] Learned from clinical observation: threshold for patient 1 (Confidence: 0.95)
[ACmK Training] Learned from clinical observation: pattern for patient 1 (Confidence: 0.8)
[ACmK Training] Learned from clinical observation: threshold for patient 1 (Confidence: 0.95)
[ACmK Training] Learned from clinical observation: pattern for patient 1 (Confidence: 0.8)
[ACmK Training] Learned from clinical observation: threshold for patient 1 (Confidence: 0.95)
[ACmK Training] Learned from clinical observation: pattern for patient 1 (Confidence: 0.8)
[ACmK Training] Learned from clinical observation: threshold for patient 1 (Confidence: 0.95)
[ACmK Training] Learned from clinical observation: pattern for patient 1 (Confidence: 0.8)
[ACmK Training] Learned from clinical observation: threshold for patient 1 (Confidence: 0.95)
[ACmK Training] Learned from clinical observation: pattern for patient 1 (Confidence: 0.8)
[ACmK Training] Learned from clinical observation: threshold for patient 1 (Confidence: 0.95)
[ACmK Training] Learned from clinical observation: pattern for patient 1 (Confidence: 0.8)
[ACmK Training] Learned from clinical observation: threshold for patient 1 (Confidence: 0.95)
[ACmK Training] Learned from clinical observation: pattern for patient 1 (Confidence: 0.8)
[ACmK Training] Learned from clinical observation: threshold for patient 1 (Confidence: 0.95)
[ACmK Training] Learned from clinical observation: pattern for patient 1 (Confidence: 0.8)
[ACmK Training] Learned from clinical observation: threshold for patient 1 (Confidence: 0.95)
[ACmK Training] Learned from clinical observation: pattern for patient 1 (Confidence: 0.8)
[ACmK Training] Learned from clinical observation: threshold for patient 1 (Confidence: 0.95)
[ACmK Training] Learned from clinical observation: pattern for patient 1 (Confidence: 0.8)
[ACmK Training] Learned from clinical observation: threshold for patient 1 (Confidence: 0.95)
[ACmK Training] Learned from clinical observation: pattern for patient 1 (Confidence: 0.8)
[ACmK Training] Learned from clinical observation: threshold for patient 1 (Confidence: 0.95)
[ACmK Training] Learned from clinical observation: pattern for patient 1 (Confidence: 0.8)
[ACmK Training] Learned from clinical observation: threshold for patient 1 (Confidence: 0.95)
[ACmK Training] Learned from clinical observation: pattern for patient 1 (Confidence: 0.8)
[ACmK Training] Learned from clinical observation: threshold for patient 1 (Confidence: 0.95)
[ACmK Training] Learned from clinical observation: pattern for patient 1 (Confidence: 0.8)
[ACmK Training] Learned from clinical observation: threshold for patient 1 (Confidence: 0.95)
[ACmK Training] Learned from clinical observation: pattern for patient 1 (Confidence: 0.8)
[ACmK Training] Learned from clinical observation: threshold for patient 1 (Confidence: 0.95)
[ACmK Training] Learned from clinical observation: pattern for patient 1 (Confidence: 0.8)
[ACmK Training] Learned from clinical observation: threshold for patient 1 (Confidence: 0.95)
[ACmK Training] Learned from clinical observation: pattern for patient 1 (Confidence: 0.8)
[ACmK Training] Learned from clinical observation: threshold for patient 1 (Confidence: 0.95)
[ACmK Training] Learned from clinical observation: pattern for patient 1 (Confidence: 0.8)
[ACmK Training] Learned from clinical observation: threshold for patient 1 (Confidence: 0.95)
[ACmK Training] Learned from clinical observation: pattern for patient 1 (Confidence: 0.8)
[ACmK Training] Learned from clinical observation: threshold for patient 1 (Confidence: 0.95)
[ACmK Training] Learned from clinical observation: pattern for patient 1 (Confidence: 0.8)
[ACmK Training] Learned from clinical observation: threshold for patient 1 (Confidence: 0.95)
[ACmK Training] Learned from clinical observation: pattern for patient 1 (Confidence: 0.8)
[ACmK Training] Learned from clinical observation: threshold for patient 1 (Confidence: 0.95)
[ACmK Training] Learned from clinical observation: pattern for patient 1 (Confidence: 0.8)
[ACmK Training] Learned from clinical observation: threshold for patient 1 (Confidence: 0.95)
[ACmK Training] Learned from clinical observation: pattern for patient 1 (Confidence: 0.8)
[ACmK Training] Learned from clinical observation: threshold for patient 1 (Confidence: 0.95)
[ACmK Training] Learned from clinical observation: pattern for patient 1 (Confidence: 0.8)
[ACmK Training] Learned from clinical observation: threshold for patient 1 (Confidence: 0.95)
[ACmK Training] Learned from clinical observation: pattern for patient 1 (Confidence: 0.8)
[ACmK Training] Learned from clinical observation: threshold for patient 1 (Confidence: 0.95)
[ACmK Training] Learned from clinical observation: pattern for patient 1 (Confidence: 0.8)
[ACmK Training] Learned from clinical observation: threshold for patient 1 (Confidence: 0.95)
[ACmK Training] Learned from clinical observation: pattern for patient 1 (Confidence: 0.8)
[ACmK Training] Learned from clinical observation: threshold for patient 1 (Confidence: 0.95)
[ACmK Training] Learned from clinical observation: pattern for patient 1 (Confidence: 0.8)
[ACmK Training] Learned from clinical observation: threshold for patient 1 (Confidence: 0.95)
[ACmK Training] Learned from clinical observation: pattern for patient 1 (Confidence: 0.8)
[ACmK Training] Learned from clinical observation: threshold for patient 1 (Confidence: 0.95)
[ACmK Training] Learned from clinical observation: pattern for patient 1 (Confidence: 0.8)
[ACmK Training] Learned from clinical observation: threshold for patient 1 (Confidence: 0.95)
[ACmK Training] Learned from clinical observation: pattern for patient 1 (Confidence: 0.8)
[ACmK Training] Learned from clinical observation: threshold for patient 1 (Confidence: 0.95)
[ACmK Training] Learned from clinical observation: pattern for patient 1 (Confidence: 0.8)
[ACmK Training] Learned from clinical observation: threshold for patient 1 (Confidence: 0.95)
[ACmK Training] Learned from clinical observation: pattern for patient 1 (Confidence: 0.8)
[ACmK Training] Learned from clinical observation: threshold for patient 1 (Confidence: 0.95)
[ACmK Training] Learned from clinical observation: pattern for patient 1 (Confidence: 0.8)
[ACmK Training] Learned from clinical observation: threshold for patient 1 (Confidence: 0.95)
[ACmK Training] Learned from clinical observation: pattern for patient 1 (Confidence: 0.8)
[ACmK Training] Learned from clinical observation: threshold for patient 1 (Confidence: 0.95)
[ACmK Training] Learned from clinical observation: pattern for patient 1 (Confidence: 0.8)
[ACmK Training] Learned from clinical observation: threshold for patient 1 (Confidence: 0.95)
[ACmK Training] Learned from clinical observation: pattern for patient 1 (Confidence: 0.8)
[ACmK Training] Learned from clinical observation: threshold for patient 1 (Confidence: 0.95)
[ACmK Training] Learned from clinical observation: pattern for patient 1 (Confidence: 0.8)
[ACmK Training] Learned from clinical observation: threshold for patient 1 (Confidence: 0.95)
[ACmK Training] Learned from clinical observation: pattern for patient 1 (Confidence: 0.8)
[ACmK Training] Learned from clinical observation: threshold for patient 1 (Confidence: 0.95)
[ACmK Training] Learned from clinical observation: pattern for patient 1 (Confidence: 0.8)
[ACmK Training] Learned from clinical observation: threshold for patient 1 (Confidence: 0.95)
[ACmK Training] Learned from clinical observation: pattern for patient 1 (Confidence: 0.8)
[ACmK Training] Learned from clinical observation: threshold for patient 1 (Confidence: 0.95)
[ACmK Training] Learned from clinical observation: pattern for patient 1 (Confidence: 0.8)
[ACmK Training] Learned from clinical observation: threshold for patient 1 (Confidence: 0.95)
[ACmK Training] Learned from clinical observation: pattern for patient 1 (Confidence: 0.8)
[ACmK Training] Learned from clinical observation: threshold for patient 1 (Confidence: 0.95)
[ACmK Training] Learned from clinical observation: pattern for patient 1 (Confidence: 0.8)
[ACmK Training] Learned from clinical observation: threshold for patient 1 (Confidence: 0.95)
[ACmK Training] Learned from clinical observation: pattern for patient 1 (Confidence: 0.8)
[ACmK Training] Learned from clinical observation: threshold for patient 1 (Confidence: 0.95)
[ACmK Training] Learned from clinical observation: pattern for patient 1 (Confidence: 0.8)
[ACmK Training] Learned from clinical observation: threshold for patient 1 (Confidence: 0.95)
[ACmK Training] Learned from clinical observation: pattern for patient 1 (Confidence: 0.8)
[ACmK Training] Learned from clinical observation: threshold for patient 1 (Confidence: 0.95)
[ACmK Training] Learned from clinical observation: pattern for patient 1 (Confidence: 0.8)
[ACmK Training] Learned from clinical observation: threshold for patient 1 (Confidence: 0.95)
[ACmK Training] Learned from clinical observation: pattern for patient 1 (Confidence: 0.8)
[ACmK Training] Learned from clinical observation: threshold for patient 1 (Confidence: 0.95)
[ACmK Training] Learned from clinical observation: pattern for patient 1 (Confidence: 0.8)
[ACmK Training] Learned from clinical observation: threshold for patient 1 (Confidence: 0.95)
[ACmK Training] Learned from clinical observation: pattern for patient 1 (Confidence: 0.8)
[ACmK Training] Learned from clinical observation: threshold for patient 1 (Confidence: 0.95)
[ACmK Training] Learned from clinical observation: pattern for patient 1 (Confidence: 0.8)
[ACmK Training] Learned from clinical observation: threshold for patient 1 (Confidence: 0.95)
[ACmK Training] Learned from clinical observation: pattern for patient 1 (Confidence: 0.8)
[ACmK Training] Learned from clinical observation: threshold for patient 1 (Confidence: 0.95)
[ACmK Training] Learned from clinical observation: pattern for patient 1 (Confidence: 0.8)
[ACmK Training] Learned from clinical observation: threshold for patient 1 (Confidence: 0.95)
[ACmK Training] Learned from clinical observation: pattern for patient 1 (Confidence: 0.8)
[ACmK Training] Learned from clinical observation: threshold for patient 1 (Confidence: 0.95)
[ACmK Training] Learned from clinical observation: pattern for patient 1 (Confidence: 0.8)
[ACmK Training] Learned from clinical observation: threshold for patient 1 (Confidence: 0.95)
[ACmK Training] Learned from clinical observation: pattern for patient 1 (Confidence: 0.8)
[ACmK Training] Learned from clinical observation: threshold for patient 1 (Confidence: 0.95)
[ACmK Training] Learned from clinical observation: pattern for patient 1 (Confidence: 0.8)
[ACmK Training] Learned from clinical observation: threshold for patient 1 (Confidence: 0.95)
[ACmK Training] Learned from clinical observation: pattern for patient 1 (Confidence: 0.8)
[ACmK Training] Learned from clinical observation: threshold for patient 1 (Confidence: 0.95)
[ACmK Training] Learned from clinical observation: pattern for patient 1 (Confidence: 0.8)
[ACmK Training] Learned from clinical observation: threshold for patient 1 (Confidence: 0.95)
[ACmK Training] Learned from clinical observation: pattern for patient 1 (Confidence: 0.8)
[ACmK Training] Learned from clinical observation: threshold for patient 1 (Confidence: 0.95)
[ACmK Training] Learned from clinical observation: pattern for patient 1 (Confidence: 0.8)
[ACmK Training] Learned from clinical observation: threshold for patient 1 (Confidence: 0.95)
[ACmK Training] Learned from clinical observation: pattern for patient 1 (Confidence: 0.8)
[ACmK Training] Learned from clinical observation: threshold for patient 1 (Confidence: 0.95)
[ACmK Training] Learned from clinical observation: pattern for patient 1 (Confidence: 0.8)
[ACmK Training] Learned from clinical observation: threshold for patient 1 (Confidence: 0.95)
[ACmK Training] Learned from clinical observation: pattern for patient 1 (Confidence: 0.8)
[ACmK Training] Learned from clinical observation: threshold for patient 1 (Confidence: 0.95)
[ACmK Training] Learned from clinical observation: pattern for patient 1 (Confidence: 0.8)
[ACmK Training] Learned from clinical observation: threshold for patient 1 (Confidence: 0.95)
[ACmK Training] Learned from clinical observation: pattern for patient 1 (Confidence: 0.8)
[ACmK Training] Learned from clinical observation: threshold for patient 1 (Confidence: 0.95)
[ACmK Training] Learned from clinical observation: pattern for patient 1 (Confidence: 0.8)
[ACmK Training] Learned from clinical observation: threshold for patient 1 (Confidence: 0.95)
[ACmK Training] Learned from clinical observation: pattern for patient 1 (Confidence: 0.8)
[ACmK Training] Learned from clinical observation: threshold for patient 1 (Confidence: 0.95)
[ACmK Training] Learned from clinical observation: pattern for patient 1 (Confidence: 0.8)
[ACmK Training] Learned from clinical observation: threshold for patient 1 (Confidence: 0.95)
[ACmK Training] Learned from clinical observation: pattern for patient 1 (Confidence: 0.8)
[ACmK Training] Learned from clinical observation: threshold for patient 1 (Confidence: 0.95)
[ACmK Training] Learned from clinical observation: pattern for patient 1 (Confidence: 0.8)
[ACmK Training] Learned from clinical observation: threshold for patient 1 (Confidence: 0.95)
[ACmK Training] Learned from clinical observation: pattern for patient 1 (Confidence: 0.8)
[ACmK Training] Learned from clinical observation: threshold for patient 1 (Confidence: 0.95)
[ACmK Training] Learned from clinical observation: pattern for patient 1 (Confidence: 0.8)
[ACmK Training] Learned from clinical observation: threshold for patient 1 (Confidence: 0.95)
[ACmK Training] Learned from clinical observation: pattern for patient 1 (Confidence: 0.8)
[ACmK Training] Learned from clinical observation: threshold for patient 1 (Confidence: 0.95)
[ACmK Training] Learned from clinical observation: pattern for patient 1 (Confidence: 0.8)
[ACmK Training] Learned from clinical observation: threshold for patient 1 (Confidence: 0.95)
[ACmK Training] Learned from clinical observation: pattern for patient 1 (Confidence: 0.8)
[ACmK Training] Learned from clinical observation: threshold for patient 1 (Confidence: 0.95)
[ACmK Training] Learned from clinical observation: pattern for patient 1 (Confidence: 0.8)
[ACmK Training] Learned from clinical observation: threshold for patient 1 (Confidence: 0.95)
[ACmK Training] Learned from clinical observation: pattern for patient 1 (Confidence: 0.8)
[ACmK Training] Learned from clinical observation: threshold for patient 1 (Confidence: 0.95)
[ACmK Training] Learned from clinical observation: pattern for patient 1 (Confidence: 0.8)
[ACmK Training] Learned from clinical observation: threshold for patient 1 (Confidence: 0.95)
[ACmK Training] Learned from clinical observation: pattern for patient 1 (Confidence: 0.8)
[ACmK Training] Learned from clinical observation: threshold for patient 1 (Confidence: 0.95)
[ACmK Training] Learned from clinical observation: pattern for patient 1 (Confidence: 0.8)
[ACmK Training] Learned from clinical observation: threshold for patient 1 (Confidence: 0.95)
[ACmK Training] Learned from clinical observation: pattern for patient 1 (Confidence: 0.8)
[ACmK Training] Learned from clinical observation: threshold for patient 1 (Confidence: 0.95)
[ACmK Training] Learned from clinical observation: pattern for patient 1 (Confidence: 0.8)
[ACmK Training] Learned from clinical observation: threshold for patient 1 (Confidence: 0.95)
[ACmK Training] Learned from clinical observation: pattern for patient 1 (Confidence: 0.8)
[ACmK Training] Learned from clinical observation: threshold for patient 1 (Confidence: 0.95)
[ACmK Training] Learned from clinical observation: pattern for patient 1 (Confidence: 0.8)
[ACmK Training] Learned from clinical observation: threshold for patient 1 (Confidence: 0.95)
[ACmK Training] Learned from clinical observation: pattern for patient 1 (Confidence: 0.8)
[ACmK Training] Learned from clinical observation: threshold for patient 1 (Confidence: 0.95)
[ACmK Training] Learned from clinical observation: pattern for patient 1 (Confidence: 0.8)
[ACmK Training] Learned from clinical observation: threshold for patient 1 (Confidence: 0.95)
[ACmK Training] Learned from clinical observation: pattern for patient 1 (Confidence: 0.8)
[ACmK Training] Learned from clinical observation: threshold for patient 1 (Confidence: 0.95)
[ACmK Training] Learned from clinical observation: pattern for patient 1 (Confidence: 0.8)
[ACmK Training] Learned from clinical observation: threshold for patient 1 (Confidence: 0.95)
[ACmK Training] Learned from clinical observation: pattern for patient 1 (Confidence: 0.8)
[ACmK Training] Learned from clinical observation: threshold for patient 1 (Confidence: 0.95)
[ACmK Training] Learned from clinical observation: pattern for patient 1 (Confidence: 0.8)
[ACmK Training] Learned from clinical observation: threshold for patient 1 (Confidence: 0.95)
[ACmK Training] Learned from clinical observation: pattern for patient 1 (Confidence: 0.8)
[ACmK Training] Learned from clinical observation: threshold for patient 1 (Confidence: 0.95)
[ACmK Training] Learned from clinical observation: pattern for patient 1 (Confidence: 0.8)
[ACmK Training] Learned from clinical observation: threshold for patient 1 (Confidence: 0.95)
[ACmK Training] Learned from clinical observation: pattern for patient 1 (Confidence: 0.8)
[ACmK Training] Learned from clinical observation: threshold for patient 1 (Confidence: 0.95)
[ACmK Training] Learned from clinical observation: pattern for patient 1 (Confidence: 0.8)
[ACmK Training] Learned from clinical observation: threshold for patient 1 (Confidence: 0.95)
[ACmK Training] Learned from clinical observation: pattern for patient 1 (Confidence: 0.8)
[ACmK Training] Learned from clinical observation: threshold for patient 1 (Confidence: 0.95)
[ACmK Training] Learned from clinical observation: pattern for patient 1 (Confidence: 0.8)
[ACmK Training] Learned from clinical observation: threshold for patient 1 (Confidence: 0.95)
[ACmK Training] Learned from clinical observation: pattern for patient 1 (Confidence: 0.8)
[ACmK Training] Learned from clinical observation: threshold for patient 1 (Confidence: 0.95)
[ACmK Training] Learned from clinical observation: pattern for patient 1 (Confidence: 0.8)
[ACmK Training] Learned from clinical observation: threshold for patient 1 (Confidence: 0.95)
[ACmK Training] Learned from clinical observation: pattern for patient 1 (Confidence: 0.8)
[ACmK Training] Learned from clinical observation: threshold for patient 1 (Confidence: 0.95)
[ACmK Training] Learned from clinical observation: pattern for patient 1 (Confidence: 0.8)
[ACmK Training] Learned from clinical observation: threshold for patient 1 (Confidence: 0.95)
[ACmK Training] Learned from clinical observation: pattern for patient 1 (Confidence: 0.8)
[ACmK Training] Learned from clinical observation: threshold for patient 1 (Confidence: 0.95)
[ACmK Training] Learned from clinical observation: pattern for patient 1 (Confidence: 0.8)
[ACmK Training] Learned from clinical observation: threshold for patient 1 (Confidence: 0.95)
[ACmK Training] Learned from clinical observation: pattern for patient 1 (Confidence: 0.8)
[ACmK Training] Learned from clinical observation: threshold for patient 1 (Confidence: 0.95)
[ACmK Training] Learned from clinical observation: pattern for patient 1 (Confidence: 0.8)
[ACmK Training] Learned from clinical observation: threshold for patient 1 (Confidence: 0.95)
[ACmK Training] Learned from clinical observation: pattern for patient 1 (Confidence: 0.8)
[ACmK Training] Learned from clinical observation: threshold for patient 1 (Confidence: 0.95)
[ACmK Training] Learned from clinical observation: pattern for patient 1 (Confidence: 0.8)
[ACmK Training] Learned from clinical observation: threshold for patient 1 (Confidence: 0.95)
[ACmK Training] Learned from clinical observation: pattern for patient 1 (Confidence: 0.8)
[ACmK Training] Learned from clinical observation: threshold for patient 1 (Confidence: 0.95)
[ACmK Training] Learned from clinical observation: pattern for patient 1 (Confidence: 0.8)
[ACmK Training] Learned from clinical observation: threshold for patient 1 (Confidence: 0.95)
[ACmK Training] Learned from clinical observation: pattern for patient 1 (Confidence: 0.8)
[ACmK Training] Learned from clinical observation: threshold for patient 1 (Confidence: 0.95)
[ACmK Training] Learned from clinical observation: pattern for patient 1 (Confidence: 0.8)
[ACmK Training] Learned from clinical observation: threshold for patient 1 (Confidence: 0.95)
[ACmK Training] Learned from clinical observation: pattern for patient 1 (Confidence: 0.8)
[ACmK Training] Learned from clinical observation: threshold for patient 1 (Confidence: 0.95)
[ACmK Training] Learned from clinical observation: pattern for patient 1 (Confidence: 0.8)
[ACmK Training] Learned from clinical observation: threshold for patient 1 (Confidence: 0.95)
[ACmK Training] Learned from clinical observation: pattern for patient 1 (Confidence: 0.8)
[ACmK Training] Learned from clinical observation: threshold for patient 1 (Confidence: 0.95)
[ACmK Training] Learned from clinical observation: pattern for patient 1 (Confidence: 0.8)
[ACmK Training] Learned from clinical observation: threshold for patient 1 (Confidence: 0.95)
[ACmK Training] Learned from clinical observation: pattern for patient 1 (Confidence: 0.8)
[ACmK Training] Learned from clinical observation: threshold for patient 1 (Confidence: 0.95)
[ACmK Training] Learned from clinical observation: pattern for patient 1 (Confidence: 0.8)
[ACmK Training] Learned from clinical observation: threshold for patient 1 (Confidence: 0.95)
[ACmK Training] Learned from clinical observation: pattern for patient 1 (Confidence: 0.8)
[ACmK Training] Learned from clinical observation: threshold for patient 1 (Confidence: 0.95)
[ACmK Training] Learned from clinical observation: pattern for patient 1 (Confidence: 0.8)
[ACmK Training] Learned from clinical observation: threshold for patient 1 (Confidence: 0.95)
[ACmK Training] Learned from clinical observation: pattern for patient 1 (Confidence: 0.8)
[ACmK Training] Learned from clinical observation: threshold for patient 1 (Confidence: 0.95)
[ACmK Training] Learned from clinical observation: pattern for patient 1 (Confidence: 0.8)
[ACmK Training] Learned from clinical observation: threshold for patient 1 (Confidence: 0.95)
[ACmK Training] Learned from clinical observation: pattern for patient 1 (Confidence: 0.8)
[ACmK Training] Learned from clinical observation: threshold for patient 1 (Confidence: 0.95)
[ACmK Training] Learned from clinical observation: pattern for patient 1 (Confidence: 0.8)
[ACmK Training] Learned from clinical observation: threshold for patient 1 (Confidence: 0.95)
[ACmK Training] Learned from clinical observation: pattern for patient 1 (Confidence: 0.8)
[ACmK Training] Learned from clinical observation: threshold for patient 1 (Confidence: 0.95)
[ACmK Training] Learned from clinical observation: pattern for patient 1 (Confidence: 0.8)
[ACmK Training] Learned from clinical observation: threshold for patient 1 (Confidence: 0.95)
[ACmK Training] Learned from clinical observation: pattern for patient 1 (Confidence: 0.8)
[ACmK Training] Learned from clinical observation: threshold for patient 1 (Confidence: 0.95)
[ACmK Training] Learned from clinical observation: pattern for patient 1 (Confidence: 0.8)
[ACmK Training] Learned from clinical observation: threshold for patient 1 (Confidence: 0.95)
[ACmK Training] Learned from clinical observation: pattern for patient 1 (Confidence: 0.8)
[ACmK Training] Learned from clinical observation: threshold for patient 1 (Confidence: 0.95)
[ACmK Training] Learned from clinical observation: pattern for patient 1 (Confidence: 0.8)
[ACmK Training] Learned from clinical observation: threshold for patient 1 (Confidence: 0.95)
[ACmK Training] Learned from clinical observation: pattern for patient 1 (Confidence: 0.8)
[ACmK Training] Learned from clinical observation: threshold for patient 1 (Confidence: 0.95)
[ACmK Training] Learned from clinical observation: pattern for patient 1 (Confidence: 0.8)
[ACmK Training] Learned from clinical observation: threshold for patient 1 (Confidence: 0.95)
[ACmK Training] Learned from clinical observation: pattern for patient 1 (Confidence: 0.8)
[ACmK Training] Learned from clinical observation: threshold for patient 1 (Confidence: 0.95)
[ACmK Training] Learned from clinical observation: pattern for patient 1 (Confidence: 0.8)
[ACmK Training] Learned from clinical observation: threshold for patient 1 (Confidence: 0.95)
[ACmK Training] Learned from clinical observation: pattern for patient 1 (Confidence: 0.8)
[ACmK Training] Learned from clinical observation: threshold for patient 1 (Confidence: 0.95)
[ACmK Training] Learned from clinical observation: pattern for patient 1 (Confidence: 0.8)
[ACmK Training] Learned from clinical observation: threshold for patient 1 (Confidence: 0.95)
[ACmK Training] Learned from clinical observation: pattern for patient 1 (Confidence: 0.8)
[ACmK Training] Learned from clinical observation: threshold for patient 1 (Confidence: 0.95)
[ACmK Training] Learned from clinical observation: pattern for patient 1 (Confidence: 0.8)
[ACmK Training] Learned from clinical observation: threshold for patient 1 (Confidence: 0.95)
[ACmK Training] Learned from clinical observation: pattern for patient 1 (Confidence: 0.8)
[ACmK Training] Learned from clinical observation: threshold for patient 1 (Confidence: 0.95)
[ACmK Training] Learned from clinical observation: pattern for patient 1 (Confidence: 0.8)
[ACmK Training] Learned from clinical observation: threshold for patient 1 (Confidence: 0.95)
[ACmK Training] Learned from clinical observation: pattern for patient 1 (Confidence: 0.8)
[ACmK Training] Learned from clinical observation: threshold for patient 1 (Confidence: 0.95)
[ACmK Training] Learned from clinical observation: pattern for patient 1 (Confidence: 0.8)
[ACmK Training] Learned from clinical observation: threshold for patient 1 (Confidence: 0.95)
[ACmK Training] Learned from clinical observation: pattern for patient 1 (Confidence: 0.8)
[ACmK Training] Learned from clinical observation: threshold for patient 1 (Confidence: 0.95)
[ACmK Training] Learned from clinical observation: pattern for patient 1 (Confidence: 0.8)
[ACmK Training] Learned from clinical observation: threshold for patient 1 (Confidence: 0.95)
[ACmK Training] Learned from clinical observation: pattern for patient 1 (Confidence: 0.8)
[ACmK Training] Learned from clinical observation: threshold for patient 1 (Confidence: 0.95)
[ACmK Training] Learned from clinical observation: pattern for patient 1 (Confidence: 0.8)
[ACmK Training] Learned from clinical observation: threshold for patient 1 (Confidence: 0.95)
[ACmK Training] Learned from clinical observation: pattern for patient 1 (Confidence: 0.8)
[ACmK Training] Learned from clinical observation: threshold for patient 1 (Confidence: 0.95)
[ACmK Training] Learned from clinical observation: pattern for patient 1 (Confidence: 0.8)
[ACmK Training] Learned from clinical observation: threshold for patient 1 (Confidence: 0.95)
[ACmK Training] Learned from clinical observation: pattern for patient 1 (Confidence: 0.8)
[ACmK Training] Learned from clinical observation: threshold for patient 1 (Confidence: 0.95)
[ACmK Training] Learned from clinical observation: pattern for patient 1 (Confidence: 0.8)
[ACmK Training] Learned from clinical observation: threshold for patient 1 (Confidence: 0.95)
[ACmK Training] Learned from clinical observation: pattern for patient 1 (Confidence: 0.8)
[ACmK Training] Learned from clinical observation: threshold for patient 1 (Confidence: 0.95)
[ACmK Training] Learned from clinical observation: pattern for patient 1 (Confidence: 0.8)
[ACmK Training] Learned from clinical observation: threshold for patient 1 (Confidence: 0.95)
[ACmK Training] Learned from clinical observation: pattern for patient 1 (Confidence: 0.8)
[ACmK Training] Learned from clinical observation: threshold for patient 1 (Confidence: 0.95)
[ACmK Training] Learned from clinical observation: pattern for patient 1 (Confidence: 0.8)
[ACmK Training] Learned from clinical observation: threshold for patient 1 (Confidence: 0.95)
[ACmK Training] Learned from clinical observation: pattern for patient 1 (Confidence: 0.8)
[ACmK Training] Learned from clinical observation: threshold for patient 1 (Confidence: 0.95)
[ACmK Training] Learned from clinical observation: pattern for patient 1 (Confidence: 0.8)
[ACmK Training] Learned from clinical observation: threshold for patient 1 (Confidence: 0.95)
[ACmK Training] Learned from clinical observation: pattern for patient 1 (Confidence: 0.8)
[ACmK Training] Learned from clinical observation: threshold for patient 1 (Confidence: 0.95)
[ACmK Training] Learned from clinical observation: pattern for patient 1 (Confidence: 0.8)
[ACmK Training] Learned from clinical observation: threshold for patient 1 (Confidence: 0.95)
[ACmK Training] Learned from clinical observation: pattern for patient 1 (Confidence: 0.8)
[ACmK Training] Learned from clinical observation: threshold for patient 1 (Confidence: 0.95)
[ACmK Training] Learned from clinical observation: pattern for patient 1 (Confidence: 0.8)
[ACmK Training] Learned from clinical observation: threshold for patient 1 (Confidence: 0.95)
[ACmK Training] Learned from clinical observation: pattern for patient 1 (Confidence: 0.8)
[ACmK Training] Learned from clinical observation: threshold for patient 1 (Confidence: 0.95)
[ACmK Training] Learned from clinical observation: pattern for patient 1 (Confidence: 0.8)
[ACmK Training] Learned from clinical observation: threshold for patient 1 (Confidence: 0.95)
[ACmK Training] Learned from clinical observation: pattern for patient 1 (Confidence: 0.8)
[ACmK Training] Learned from clinical observation: threshold for patient 1 (Confidence: 0.95)
[ACmK Training] Learned from clinical observation: pattern for patient 1 (Confidence: 0.8)
[ACmK Training] Learned from clinical observation: threshold for patient 1 (Confidence: 0.95)
[ACmK Training] Learned from clinical observation: pattern for patient 1 (Confidence: 0.8)
[ACmK Training] Learned from clinical observation: threshold for patient 1 (Confidence: 0.95)
[ACmK Training] Learned from clinical observation: pattern for patient 1 (Confidence: 0.8)
[ACmK Training] Learned from clinical observation: threshold for patient 1 (Confidence: 0.95)
[ACmK Training] Learned from clinical observation: pattern for patient 1 (Confidence: 0.8)
[ACmK Training] Learned from clinical observation: threshold for patient 1 (Confidence: 0.95)
[ACmK Training] Learned from clinical observation: pattern for patient 1 (Confidence: 0.8)
[ACmK Training] Learned from clinical observation: threshold for patient 1 (Confidence: 0.95)
[ACmK Training] Learned from clinical observation: pattern for patient 1 (Confidence: 0.8)
[ACmK Training] Learned from clinical observation: threshold for patient 1 (Confidence: 0.95)
[ACmK Training] Learned from clinical observation: pattern for patient 1 (Confidence: 0.8)
[ACmK Training] Learned from clinical observation: threshold for patient 1 (Confidence: 0.95)
[ACmK Training] Learned from clinical observation: pattern for patient 1 (Confidence: 0.8)
[ACmK Training] Learned from clinical observation: threshold for patient 1 (Confidence: 0.95)
[ACmK Training] Learned from clinical observation: pattern for patient 1 (Confidence: 0.8)
[ACmK Training] Learned from clinical observation: threshold for patient 1 (Confidence: 0.95)
[ACmK Training] Learned from clinical observation: pattern for patient 1 (Confidence: 0.8)
[ACmK Training] Learned from clinical observation: threshold for patient 1 (Confidence: 0.95)
[ACmK Training] Learned from clinical observation: pattern for patient 1 (Confidence: 0.8)
[ACmK Training] Learned from clinical observation: threshold for patient 1 (Confidence: 0.95)
[ACmK Training] Learned from clinical observation: pattern for patient 1 (Confidence: 0.8)
[ACmK Training] Learned from clinical observation: threshold for patient 1 (Confidence: 0.95)
[ACmK Training] Learned from clinical observation: pattern for patient 1 (Confidence: 0.8)
[ACmK Training] Learned from clinical observation: threshold for patient 1 (Confidence: 0.95)
[ACmK Training] Learned from clinical observation: pattern for patient 1 (Confidence: 0.8)
[ACmK Training] Learned from clinical observation: threshold for patient 1 (Confidence: 0.95)
[ACmK Training] Learned from clinical observation: pattern for patient 1 (Confidence: 0.8)
[ACmK Training] Learned from clinical observation: threshold for patient 1 (Confidence: 0.95)
[ACmK Training] Learned from clinical observation: pattern for patient 1 (Confidence: 0.8)
[ACmK Training] Learned from clinical observation: threshold for patient 1 (Confidence: 0.95)
[ACmK Training] Learned from clinical observation: pattern for patient 1 (Confidence: 0.8)
[ACmK Training] Learned from clinical observation: threshold for patient 1 (Confidence: 0.95)
[ACmK Training] Learned from clinical observation: pattern for patient 1 (Confidence: 0.8)
[ACmK Training] Learned from clinical observation: threshold for patient 1 (Confidence: 0.95)
[ACmK Training] Learned from clinical observation: pattern for patient 1 (Confidence: 0.8)
[ACmK Training] Learned from clinical observation: threshold for patient 1 (Confidence: 0.95)
[ACmK Training] Learned from clinical observation: pattern for patient 1 (Confidence: 0.8)
[ACmK Training] Learned from clinical observation: threshold for patient 1 (Confidence: 0.95)
[ACmK Training] Learned from clinical observation: pattern for patient 1 (Confidence: 0.8)
[ACmK Training] Learned from clinical observation: threshold for patient 1 (Confidence: 0.95)
[ACmK Training] Learned from clinical observation: pattern for patient 1 (Confidence: 0.8)
[ACmK Training] Learned from clinical observation: threshold for patient 1 (Confidence: 0.95)
[ACmK Training] Learned from clinical observation: pattern for patient 1 (Confidence: 0.8)
[ACmK Training] Learned from clinical observation: threshold for patient 1 (Confidence: 0.95)
[ACmK Training] Learned from clinical observation: pattern for patient 1 (Confidence: 0.8)
[ACmK Training] Learned from clinical observation: threshold for patient 1 (Confidence: 0.95)
[ACmK Training] Learned from clinical observation: pattern for patient 1 (Confidence: 0.8)
[ACmK Training] Learned from clinical observation: threshold for patient 1 (Confidence: 0.95)
[ACmK Training] Learned from clinical observation: pattern for patient 1 (Confidence: 0.8)
[ACmK Training] Learned from clinical observation: threshold for patient 1 (Confidence: 0.95)
[ACmK Training] Learned from clinical observation: pattern for patient 1 (Confidence: 0.8)
[ACmK Training] Learned from clinical observation: threshold for patient 1 (Confidence: 0.95)
[ACmK Training] Learned from clinical observation: pattern for patient 1 (Confidence: 0.8)
[ACmK Training] Learned from clinical observation: threshold for patient 1 (Confidence: 0.95)
[ACmK Training] Learned from clinical observation: pattern for patient 1 (Confidence: 0.8)
[ACmK Training] Learned from clinical observation: threshold for patient 1 (Confidence: 0.95)
[ACmK Training] Learned from clinical observation: pattern for patient 1 (Confidence: 0.8)
[ACmK Training] Learned from clinical observation: threshold for patient 1 (Confidence: 0.95)
[ACmK Training] Learned from clinical observation: pattern for patient 1 (Confidence: 0.8)
[ACmK Training] Learned from clinical observation: threshold for patient 1 (Confidence: 0.95)
[ACmK Training] Learned from clinical observation: pattern for patient 1 (Confidence: 0.8)
[ACmK Training] Learned from clinical observation: threshold for patient 1 (Confidence: 0.95)
[ACmK Training] Learned from clinical observation: pattern for patient 1 (Confidence: 0.8)
[ACmK Training] Learned from clinical observation: threshold for patient 1 (Confidence: 0.95)
[ACmK Training] Learned from clinical observation: pattern for patient 1 (Confidence: 0.8)
[ACmK Training] Learned from clinical observation: threshold for patient 1 (Confidence: 0.95)
[ACmK Training] Learned from clinical observation: pattern for patient 1 (Confidence: 0.8)
[ACmK Training] Learned from clinical observation: threshold for patient 1 (Confidence: 0.95)
[ACmK Training] Learned from clinical observation: pattern for patient 1 (Confidence: 0.8)
[ACmK Training] Learned from clinical observation: threshold for patient 1 (Confidence: 0.95)
[ACmK Training] Learned from clinical observation: pattern for patient 1 (Confidence: 0.8)
[ACmK Training] Learned from clinical observation: threshold for patient 1 (Confidence: 0.95)
[ACmK Training] Learned from clinical observation: pattern for patient 1 (Confidence: 0.8)
[ACmK Training] Learned from clinical observation: threshold for patient 1 (Confidence: 0.95)
[ACmK Training] Learned from clinical observation: pattern for patient 1 (Confidence: 0.8)
[ACmK Training] Learned from clinical observation: threshold for patient 1 (Confidence: 0.95)
[ACmK Training] Learned from clinical observation: pattern for patient 1 (Confidence: 0.8)
[ACmK Training] Learned from clinical observation: threshold for patient 1 (Confidence: 0.95)
[ACmK Training] Learned from clinical observation: pattern for patient 1 (Confidence: 0.8)
[ACmK Training] Learned from clinical observation: threshold for patient 1 (Confidence: 0.95)
[ACmK Training] Learned from clinical observation: pattern for patient 1 (Confidence: 0.8)
[ACmK Training] Learned from clinical observation: threshold for patient 1 (Confidence: 0.95)
[ACmK Training] Learned from clinical observation: pattern for patient 1 (Confidence: 0.8)
[ACmK Training] Learned from clinical observation: threshold for patient 1 (Confidence: 0.95)
[ACmK Training] Learned from clinical observation: pattern for patient 1 (Confidence: 0.8)
[ACmK Training] Learned from clinical observation: threshold for patient 1 (Confidence: 0.95)
[ACmK Training] Learned from clinical observation: pattern for patient 1 (Confidence: 0.8)
[ACmK Training] Learned from clinical observation: threshold for patient 1 (Confidence: 0.95)
[ACmK Training] Learned from clinical observation: pattern for patient 1 (Confidence: 0.8)
[ACmK Training] Learned from clinical observation: threshold for patient 1 (Confidence: 0.95)
[ACmK Training] Learned from clinical observation: pattern for patient 1 (Confidence: 0.8)
[ACmK Training] Learned from clinical observation: threshold for patient 1 (Confidence: 0.95)
[ACmK Training] Learned from clinical observation: pattern for patient 1 (Confidence: 0.8)
[ACmK Training] Learned from clinical observation: threshold for patient 1 (Confidence: 0.95)
[ACmK Training] Learned from clinical observation: pattern for patient 1 (Confidence: 0.8)
[ACmK Training] Learned from clinical observation: threshold for patient 1 (Confidence: 0.95)
[ACmK Training] Learned from clinical observation: pattern for patient 1 (Confidence: 0.8)
[ACmK Training] Learned from clinical observation: threshold for patient 1 (Confidence: 0.95)
[ACmK Training] Learned from clinical observation: pattern for patient 1 (Confidence: 0.8)
[ACmK Training] Learned from clinical observation: threshold for patient 1 (Confidence: 0.95)
[ACmK Training] Learned from clinical observation: pattern for patient 1 (Confidence: 0.8)
[ACmK Training] Learned from clinical observation: threshold for patient 1 (Confidence: 0.95)
[ACmK Training] Learned from clinical observation: pattern for patient 1 (Confidence: 0.8)
[ACmK Training] Learned from clinical observation: threshold for patient 1 (Confidence: 0.95)
[ACmK Training] Learned from clinical observation: pattern for patient 1 (Confidence: 0.8)
[ACmK Training] Learned from clinical observation: threshold for patient 1 (Confidence: 0.95)
[ACmK Training] Learned from clinical observation: pattern for patient 1 (Confidence: 0.8)
[ACmK Training] Learned from clinical observation: threshold for patient 1 (Confidence: 0.95)
[ACmK Training] Learned from clinical observation: pattern for patient 1 (Confidence: 0.8)
[ACmK Training] Learned from clinical observation: threshold for patient 1 (Confidence: 0.95)
[ACmK Training] Learned from clinical observation: pattern for patient 1 (Confidence: 0.8)
[ACmK Training] Learned from clinical observation: threshold for patient 1 (Confidence: 0.95)
[ACmK Training] Learned from clinical observation: pattern for patient 1 (Confidence: 0.8)
[ACmK Training] Learned from clinical observation: threshold for patient 1 (Confidence: 0.95)
[ACmK Training] Learned from clinical observation: pattern for patient 1 (Confidence: 0.8)
[ACmK Training] Learned from clinical observation: threshold for patient 1 (Confidence: 0.95)
[ACmK Training] Learned from clinical observation: pattern for patient 1 (Confidence: 0.8)
[ACmK Training] Learned from clinical observation: threshold for patient 1 (Confidence: 0.95)
[ACmK Training] Learned from clinical observation: pattern for patient 1 (Confidence: 0.8)
[ACmK Training] Learned from clinical observation: threshold for patient 1 (Confidence: 0.95)
[ACmK Training] Learned from clinical observation: pattern for patient 1 (Confidence: 0.8)
[ACmK Training] Learned from clinical observation: threshold for patient 1 (Confidence: 0.95)
[ACmK Training] Learned from clinical observation: pattern for patient 1 (Confidence: 0.8)
[ACmK Training] Learned from clinical observation: threshold for patient 1 (Confidence: 0.95)
[ACmK Training] Learned from clinical observation: pattern for patient 1 (Confidence: 0.8)
[ACmK Training] Learned from clinical observation: threshold for patient 1 (Confidence: 0.95)
[ACmK Training] Learned from clinical observation: pattern for patient 1 (Confidence: 0.8)
[ACmK Training] Learned from clinical observation: threshold for patient 1 (Confidence: 0.95)
[ACmK Training] Learned from clinical observation: pattern for patient 1 (Confidence: 0.8)
[ACmK Training] Learned from clinical observation: threshold for patient 1 (Confidence: 0.95)
[ACmK Training] Learned from clinical observation: pattern for patient 1 (Confidence: 0.8)
[ACmK Training] Learned from clinical observation: threshold for patient 1 (Confidence: 0.95)
[ACmK Training] Learned from clinical observation: pattern for patient 1 (Confidence: 0.8)
[ACmK Training] Learned from clinical observation: threshold for patient 1 (Confidence: 0.95)
[ACmK Training] Learned from clinical observation: pattern for patient 1 (Confidence: 0.8)
[ACmK Training] Learned from clinical observation: threshold for patient 1 (Confidence: 0.95)
[ACmK Training] Learned from clinical observation: pattern for patient 1 (Confidence: 0.8)
[ACmK Training] Learned from clinical observation: threshold for patient 1 (Confidence: 0.95)
[ACmK Training] Learned from clinical observation: pattern for patient 1 (Confidence: 0.8)
[ACmK Training] Learned from clinical observation: threshold for patient 1 (Confidence: 0.95)
[ACmK Training] Learned from clinical observation: pattern for patient 1 (Confidence: 0.8)
[ACmK Training] Learned from clinical observation: threshold for patient 1 (Confidence: 0.95)
[ACmK Training] Learned from clinical observation: pattern for patient 1 (Confidence: 0.8)
[ACmK Training] Learned from clinical observation: threshold for patient 1 (Confidence: 0.95)
[ACmK Training] Learned from clinical observation: pattern for patient 1 (Confidence: 0.8)
[ACmK Training] Learned from clinical observation: threshold for patient 1 (Confidence: 0.95)
[ACmK Training] Learned from clinical observation: pattern for patient 1 (Confidence: 0.8)
[ACmK Training] Learned from clinical observation: threshold for patient 1 (Confidence: 0.95)
[ACmK Training] Learned from clinical observation: pattern for patient 1 (Confidence: 0.8)
[ACmK Training] Learned from clinical observation: threshold for patient 1 (Confidence: 0.95)
[ACmK Training] Learned from clinical observation: pattern for patient 1 (Confidence: 0.8)
[ACmK Training] Learned from clinical observation: threshold for patient 1 (Confidence: 0.95)
[ACmK Training] Learned from clinical observation: pattern for patient 1 (Confidence: 0.8)
[ACmK Training] Learned from clinical observation: threshold for patient 1 (Confidence: 0.95)
[ACmK Training] Learned from clinical observation: pattern for patient 1 (Confidence: 0.8)
[ACmK Training] Learned from clinical observation: threshold for patient 1 (Confidence: 0.95)
[ACmK Training] Learned from clinical observation: pattern for patient 1 (Confidence: 0.8)
[ACmK Training] Learned from clinical observation: threshold for patient 1 (Confidence: 0.95)
[ACmK Training] Learned from clinical observation: pattern for patient 1 (Confidence: 0.8)
[ACmK Training] Learned from clinical observation: threshold for patient 1 (Confidence: 0.95)
[ACmK Training] Learned from clinical observation: pattern for patient 1 (Confidence: 0.8)
[ACmK Training] Learned from clinical observation: threshold for patient 1 (Confidence: 0.95)
[ACmK Training] Learned from clinical observation: pattern for patient 1 (Confidence: 0.8)
[ACmK Training] Learned from clinical observation: threshold for patient 1 (Confidence: 0.95)
[ACmK Training] Learned from clinical observation: pattern for patient 1 (Confidence: 0.8)
[ACmK Training] Learned from clinical observation: threshold for patient 1 (Confidence: 0.95)
[ACmK Training] Learned from clinical observation: pattern for patient 1 (Confidence: 0.8)
[ACmK Training] Learned from clinical observation: threshold for patient 1 (Confidence: 0.95)
[ACmK Training] Learned from clinical observation: pattern for patient 1 (Confidence: 0.8)
[ACmK Training] Learned from clinical observation: threshold for patient 1 (Confidence: 0.95)
[ACmK Training] Learned from clinical observation: pattern for patient 1 (Confidence: 0.8)
[ACmK Training] Learned from clinical observation: threshold for patient 1 (Confidence: 0.95)
[ACmK Training] Learned from clinical observation: pattern for patient 1 (Confidence: 0.8)
[ACmK Training] Learned from clinical observation: threshold for patient 1 (Confidence: 0.95)
[ACmK Training] Learned from clinical observation: pattern for patient 1 (Confidence: 0.8)
[ACmK Training] Learned from clinical observation: threshold for patient 1 (Confidence: 0.95)
[ACmK Training] Learned from clinical observation: pattern for patient 1 (Confidence: 0.8)
[ACmK Training] Learned from clinical observation: threshold for patient 1 (Confidence: 0.95)
[ACmK Training] Learned from clinical observation: pattern for patient 1 (Confidence: 0.8)
[ACmK Training] Learned from clinical observation: threshold for patient 1 (Confidence: 0.95)
[ACmK Training] Learned from clinical observation: pattern for patient 1 (Confidence: 0.8)
[ACmK Training] Learned from clinical observation: threshold for patient 1 (Confidence: 0.95)
[ACmK Training] Learned from clinical observation: pattern for patient 1 (Confidence: 0.8)
[ACmK Training] Learned from clinical observation: threshold for patient 1 (Confidence: 0.95)
[ACmK Training] Learned from clinical observation: pattern for patient 1 (Confidence: 0.8)
[ACmK Training] Learned from clinical observation: threshold for patient 1 (Confidence: 0.95)
[ACmK Training] Learned from clinical observation: pattern for patient 1 (Confidence: 0.8)
[ACmK Training] Learned from clinical observation: threshold for patient 1 (Confidence: 0.95)
[ACmK Training] Learned from clinical observation: pattern for patient 1 (Confidence: 0.8)
[ACmK Training] Learned from clinical observation: threshold for patient 1 (Confidence: 0.95)
[ACmK Training] Learned from clinical observation: pattern for patient 1 (Confidence: 0.8)
[ACmK Training] Learned from clinical observation: threshold for patient 1 (Confidence: 0.95)
[ACmK Training] Learned from clinical observation: pattern for patient 1 (Confidence: 0.8)
[ACmK Training] Learned from clinical observation: threshold for patient 1 (Confidence: 0.95)
[ACmK Training] Learned from clinical observation: pattern for patient 1 (Confidence: 0.8)
[ACmK Training] Learned from clinical observation: threshold for patient 1 (Confidence: 0.95)
[ACmK Training] Learned from clinical observation: pattern for patient 1 (Confidence: 0.8)
[ACmK Training] Learned from clinical observation: threshold for patient 1 (Confidence: 0.95)
[ACmK Training] Learned from clinical observation: pattern for patient 1 (Confidence: 0.8)
[ACmK Training] Learned from clinical observation: threshold for patient 1 (Confidence: 0.95)
[ACmK Training] Learned from clinical observation: pattern for patient 1 (Confidence: 0.8)
[ACmK Training] Learned from clinical observation: threshold for patient 1 (Confidence: 0.95)
[ACmK Training] Learned from clinical observation: pattern for patient 1 (Confidence: 0.8)
[ACmK Training] Learned from clinical observation: threshold for patient 1 (Confidence: 0.95)
[ACmK Training] Learned from clinical observation: pattern for patient 1 (Confidence: 0.8)
[ACmK Training] Learned from clinical observation: threshold for patient 1 (Confidence: 0.95)
[ACmK Training] Learned from clinical observation: pattern for patient 1 (Confidence: 0.8)
[ACmK Training] Learned from clinical observation: threshold for patient 1 (Confidence: 0.95)
[ACmK Training] Learned from clinical observation: pattern for patient 1 (Confidence: 0.8)
[ACmK Training] Learned from clinical observation: threshold for patient 1 (Confidence: 0.95)
[ACmK Training] Learned from clinical observation: pattern for patient 1 (Confidence: 0.8)
[ACmK Training] Learned from clinical observation: threshold for patient 1 (Confidence: 0.95)
[ACmK Training] Learned from clinical observation: pattern for patient 1 (Confidence: 0.8)
[ACmK Training] Learned from clinical observation: threshold for patient 1 (Confidence: 0.95)
[ACmK Training] Learned from clinical observation: pattern for patient 1 (Confidence: 0.8)
[ACmK Training] Learned from clinical observation: threshold for patient 1 (Confidence: 0.95)
[ACmK Training] Learned from clinical observation: pattern for patient 1 (Confidence: 0.8)
[ACmK Training] Learned from clinical observation: threshold for patient 1 (Confidence: 0.95)
[ACmK Training] Learned from clinical observation: pattern for patient 1 (Confidence: 0.8)
[ACmK Training] Learned from clinical observation: threshold for patient 1 (Confidence: 0.95)
[ACmK Training] Learned from clinical observation: pattern for patient 1 (Confidence: 0.8)
[ACmK Training] Learned from clinical observation: threshold for patient 1 (Confidence: 0.95)
[ACmK Training] Learned from clinical observation: pattern for patient 1 (Confidence: 0.8)
[ACmK Training] Learned from clinical observation: threshold for patient 1 (Confidence: 0.95)
[ACmK Training] Learned from clinical observation: pattern for patient 1 (Confidence: 0.8)
[ACmK Training] Learned from clinical observation: threshold for patient 1 (Confidence: 0.95)
[ACmK Training] Learned from clinical observation: pattern for patient 1 (Confidence: 0.8)
[ACmK Training] Learned from clinical observation: threshold for patient 1 (Confidence: 0.95)
[ACmK Training] Learned from clinical observation: pattern for patient 1 (Confidence: 0.8)
[ACmK Training] Learned from clinical observation: threshold for patient 1 (Confidence: 0.95)
[ACmK Training] Learned from clinical observation: pattern for patient 1 (Confidence: 0.8)
[ACmK Training] Learned from clinical observation: threshold for patient 1 (Confidence: 0.95)
[ACmK Training] Learned from clinical observation: pattern for patient 1 (Confidence: 0.8)
[ACmK Training] Learned from clinical observation: threshold for patient 1 (Confidence: 0.95)
[ACmK Training] Learned from clinical observation: pattern for patient 1 (Confidence: 0.8)
[ACmK Training] Learned from clinical observation: threshold for patient 1 (Confidence: 0.95)
[ACmK Training] Learned from clinical observation: pattern for patient 1 (Confidence: 0.8)
[ACmK Training] Learned from clinical observation: threshold for patient 1 (Confidence: 0.95)
[ACmK Training] Learned from clinical observation: pattern for patient 1 (Confidence: 0.8)
[ACmK Training] Learned from clinical observation: threshold for patient 1 (Confidence: 0.95)
[ACmK Training] Learned from clinical observation: pattern for patient 1 (Confidence: 0.8)
[ACmK Training] Learned from clinical observation: threshold for patient 1 (Confidence: 0.95)
[ACmK Training] Learned from clinical observation: pattern for patient 1 (Confidence: 0.8)
[ACmK Training] Learned from clinical observation: threshold for patient 1 (Confidence: 0.95)
[ACmK Training] Learned from clinical observation: pattern for patient 1 (Confidence: 0.8)
[ACmK Training] Learned from clinical observation: threshold for patient 1 (Confidence: 0.95)
[ACmK Training] Learned from clinical observation: pattern for patient 1 (Confidence: 0.8)
[ACmK Training] Learned from clinical observation: threshold for patient 1 (Confidence: 0.95)
[ACmK Training] Learned from clinical observation: pattern for patient 1 (Confidence: 0.8)
[ACmK Training] Learned from clinical observation: threshold for patient 1 (Confidence: 0.95)
[ACmK Training] Learned from clinical observation: pattern for patient 1 (Confidence: 0.8)
[ACmK Training] Learned from clinical observation: threshold for patient 1 (Confidence: 0.95)
[ACmK Training] Learned from clinical observation: pattern for patient 1 (Confidence: 0.8)
[ACmK Training] Learned from clinical observation: threshold for patient 1 (Confidence: 0.95)
[ACmK Training] Learned from clinical observation: pattern for patient 1 (Confidence: 0.8)
[ACmK Training] Learned from clinical observation: threshold for patient 1 (Confidence: 0.95)
[ACmK Training] Learned from clinical observation: pattern for patient 1 (Confidence: 0.8)
[ACmK Training] Learned from clinical observation: threshold for patient 1 (Confidence: 0.95)
[ACmK Training] Learned from clinical observation: pattern for patient 1 (Confidence: 0.8)
[ACmK Training] Learned from clinical observation: threshold for patient 1 (Confidence: 0.95)
[ACmK Training] Learned from clinical observation: pattern for patient 1 (Confidence: 0.8)
[ACmK Training] Learned from clinical observation: threshold for patient 1 (Confidence: 0.95)
[ACmK Training] Learned from clinical observation: pattern for patient 1 (Confidence: 0.8)
[ACmK Training] Learned from clinical observation: threshold for patient 1 (Confidence: 0.95)
[ACmK Training] Learned from clinical observation: pattern for patient 1 (Confidence: 0.8)
[ACmK Training] Learned from clinical observation: threshold for patient 1 (Confidence: 0.95)
[ACmK Training] Learned from clinical observation: pattern for patient 1 (Confidence: 0.8)
[ACmK Training] Learned from clinical observation: threshold for patient 1 (Confidence: 0.95)
[ACmK Training] Learned from clinical observation: pattern for patient 1 (Confidence: 0.8)
[ACmK Training] Learned from clinical observation: threshold for patient 1 (Confidence: 0.95)
[ACmK Training] Learned from clinical observation: pattern for patient 1 (Confidence: 0.8)
[ACmK Training] Learned from clinical observation: threshold for patient 1 (Confidence: 0.95)
[ACmK Training] Learned from clinical observation: pattern for patient 1 (Confidence: 0.8)
[ACmK Training] Learned from clinical observation: threshold for patient 1 (Confidence: 0.95)
[ACmK Training] Learned from clinical observation: pattern for patient 1 (Confidence: 0.8)
[ACmK Training] Learned from clinical observation: threshold for patient 1 (Confidence: 0.95)
[ACmK Training] Learned from clinical observation: pattern for patient 1 (Confidence: 0.8)
[ACmK Training] Learned from clinical observation: threshold for patient 1 (Confidence: 0.95)
[ACmK Training] Learned from clinical observation: pattern for patient 1 (Confidence: 0.8)
[ACmK Training] Learned from clinical observation: threshold for patient 1 (Confidence: 0.95)
[ACmK Training] Learned from clinical observation: pattern for patient 1 (Confidence: 0.8)
[ACmK Training] Learned from clinical observation: threshold for patient 1 (Confidence: 0.95)
[ACmK Training] Learned from clinical observation: pattern for patient 1 (Confidence: 0.8)
[ACmK Training] Learned from clinical observation: threshold for patient 1 (Confidence: 0.95)
[ACmK Training] Learned from clinical observation: pattern for patient 1 (Confidence: 0.8)
[ACmK Training] Learned from clinical observation: threshold for patient 1 (Confidence: 0.95)
[ACmK Training] Learned from clinical observation: pattern for patient 1 (Confidence: 0.8)
[ACmK Training] Learned from clinical observation: threshold for patient 1 (Confidence: 0.95)
[ACmK Training] Learned from clinical observation: pattern for patient 1 (Confidence: 0.8)
[ACmK Training] Learned from clinical observation: threshold for patient 1 (Confidence: 0.95)
[ACmK Training] Learned from clinical observation: pattern for patient 1 (Confidence: 0.8)
[ACmK Training] Learned from clinical observation: threshold for patient 1 (Confidence: 0.95)
[ACmK Training] Learned from clinical observation: pattern for patient 1 (Confidence: 0.8)
[ACmK Training] Learned from clinical observation: threshold for patient 1 (Confidence: 0.95)
[ACmK Training] Learned from clinical observation: pattern for patient 1 (Confidence: 0.8)
[ACmK Training] Learned from clinical observation: threshold for patient 1 (Confidence: 0.95)
[ACmK Training] Learned from clinical observation: pattern for patient 1 (Confidence: 0.8)
[ACmK Training] Learned from clinical observation: threshold for patient 1 (Confidence: 0.95)
[ACmK Training] Learned from clinical observation: pattern for patient 1 (Confidence: 0.8)
[ACmK Training] Learned from clinical observation: threshold for patient 1 (Confidence: 0.95)
[ACmK Training] Learned from clinical observation: pattern for patient 1 (Confidence: 0.8)
[ACmK Training] Learned from clinical observation: threshold for patient 1 (Confidence: 0.95)
[ACmK Training] Learned from clinical observation: pattern for patient 1 (Confidence: 0.8)
[ACmK Training] Learned from clinical observation: threshold for patient 1 (Confidence: 0.95)
[ACmK Training] Learned from clinical observation: pattern for patient 1 (Confidence: 0.8)
[ACmK Training] Learned from clinical observation: threshold for patient 1 (Confidence: 0.95)
[ACmK Training] Learned from clinical observation: pattern for patient 1 (Confidence: 0.8)
[ACmK Training] Learned from clinical observation: threshold for patient 1 (Confidence: 0.95)
[ACmK Training] Learned from clinical observation: pattern for patient 1 (Confidence: 0.8)
[ACmK Training] Learned from clinical observation: threshold for patient 1 (Confidence: 0.95)
[ACmK Training] Learned from clinical observation: pattern for patient 1 (Confidence: 0.8)
[ACmK Training] Learned from clinical observation: threshold for patient 1 (Confidence: 0.95)
[ACmK Training] Learned from clinical observation: pattern for patient 1 (Confidence: 0.8)
[ACmK Training] Learned from clinical observation: threshold for patient 1 (Confidence: 0.95)
[ACmK Training] Learned from clinical observation: pattern for patient 1 (Confidence: 0.8)
[ACmK Training] Learned from clinical observation: threshold for patient 1 (Confidence: 0.95)
[ACmK Training] Learned from clinical observation: pattern for patient 1 (Confidence: 0.8)
[ACmK Training] Learned from clinical observation: threshold for patient 1 (Confidence: 0.95)
[ACmK Training] Learned from clinical observation: pattern for patient 1 (Confidence: 0.8)
[ACmK Training] Learned from clinical observation: threshold for patient 1 (Confidence: 0.95)
[ACmK Training] Learned from clinical observation: pattern for patient 1 (Confidence: 0.8)
[ACmK Training] Learned from clinical observation: threshold for patient 1 (Confidence: 0.95)
[ACmK Training] Learned from clinical observation: pattern for patient 1 (Confidence: 0.8)
[ACmK Training] Learned from clinical observation: threshold for patient 1 (Confidence: 0.95)
[ACmK Training] Learned from clinical observation: pattern for patient 1 (Confidence: 0.8)
[ACmK Training] Learned from clinical observation: threshold for patient 1 (Confidence: 0.95)
[ACmK Training] Learned from clinical observation: pattern for patient 1 (Confidence: 0.8)
[ACmK Training] Learned from clinical observation: threshold for patient 1 (Confidence: 0.95)
[ACmK Training] Learned from clinical observation: pattern for patient 1 (Confidence: 0.8)
[ACmK Training] Learned from clinical observation: threshold for patient 1 (Confidence: 0.95)
[ACmK Training] Learned from clinical observation: pattern for patient 1 (Confidence: 0.8)
[ACmK Training] Learned from clinical observation: threshold for patient 1 (Confidence: 0.95)
[ACmK Training] Learned from clinical observation: pattern for patient 1 (Confidence: 0.8)
[ACmK Training] Learned from clinical observation: threshold for patient 1 (Confidence: 0.95)
[ACmK Training] Learned from clinical observation: pattern for patient 1 (Confidence: 0.8)
[ACmK Training] Learned from clinical observation: threshold for patient 1 (Confidence: 0.95)
[ACmK Training] Learned from clinical observation: pattern for patient 1 (Confidence: 0.8)
[ACmK Training] Learned from clinical observation: threshold for patient 1 (Confidence: 0.95)
[ACmK Training] Learned from clinical observation: pattern for patient 1 (Confidence: 0.8)
[ACmK Training] Learned from clinical observation: threshold for patient 1 (Confidence: 0.95)
[ACmK Training] Learned from clinical observation: pattern for patient 1 (Confidence: 0.8)
[ACmK Training] Learned from clinical observation: threshold for patient 1 (Confidence: 0.95)
[ACmK Training] Learned from clinical observation: pattern for patient 1 (Confidence: 0.8)
[ACmK Training] Learned from clinical observation: threshold for patient 1 (Confidence: 0.95)
[ACmK Training] Learned from clinical observation: pattern for patient 1 (Confidence: 0.8)
[ACmK Training] Learned from clinical observation: threshold for patient 1 (Confidence: 0.95)
[ACmK Training] Learned from clinical observation: pattern for patient 1 (Confidence: 0.8)
[ACmK Training] Learned from clinical observation: threshold for patient 1 (Confidence: 0.95)
[ACmK Training] Learned from clinical observation: pattern for patient 1 (Confidence: 0.8)
[ACmK Training] Learned from clinical observation: threshold for patient 1 (Confidence: 0.95)
[ACmK Training] Learned from clinical observation: pattern for patient 1 (Confidence: 0.8)
[ACmK Training] Learned from clinical observation: threshold for patient 1 (Confidence: 0.95)
[ACmK Training] Learned from clinical observation: pattern for patient 1 (Confidence: 0.8)
[ACmK Training] Learned from clinical observation: threshold for patient 1 (Confidence: 0.95)
[ACmK Training] Learned from clinical observation: pattern for patient 1 (Confidence: 0.8)
[ACmK Training] Learned from clinical observation: threshold for patient 1 (Confidence: 0.95)
[ACmK Training] Learned from clinical observation: pattern for patient 1 (Confidence: 0.8)
[ACmK Training] Learned from clinical observation: threshold for patient 1 (Confidence: 0.95)
[ACmK Training] Learned from clinical observation: pattern for patient 1 (Confidence: 0.8)
[ACmK Training] Learned from clinical observation: threshold for patient 1 (Confidence: 0.95)
[ACmK Training] Learned from clinical observation: pattern for patient 1 (Confidence: 0.8)
[ACmK Training] Learned from clinical observation: threshold for patient 1 (Confidence: 0.95)
[ACmK Training] Learned from clinical observation: pattern for patient 1 (Confidence: 0.8)
[ACmK Training] Learned from clinical observation: threshold for patient 1 (Confidence: 0.95)
[ACmK Training] Learned from clinical observation: pattern for patient 1 (Confidence: 0.8)
[ACmK Training] Learned from clinical observation: threshold for patient 1 (Confidence: 0.95)
[ACmK Training] Learned from clinical observation: pattern for patient 1 (Confidence: 0.8)
[ACmK Training] Learned from clinical observation: threshold for patient 1 (Confidence: 0.95)
[ACmK Training] Learned from clinical observation: pattern for patient 1 (Confidence: 0.8)
[ACmK Training] Learned from clinical observation: threshold for patient 1 (Confidence: 0.95)
[ACmK Training] Learned from clinical observation: pattern for patient 1 (Confidence: 0.8)
[ACmK Training] Learned from clinical observation: threshold for patient 1 (Confidence: 0.95)
[ACmK Training] Learned from clinical observation: pattern for patient 1 (Confidence: 0.8)
[ACmK Training] Learned from clinical observation: threshold for patient 1 (Confidence: 0.95)
[ACmK Training] Learned from clinical observation: pattern for patient 1 (Confidence: 0.8)
[ACmK Training] Learned from clinical observation: threshold for patient 1 (Confidence: 0.95)
[ACmK Training] Learned from clinical observation: pattern for patient 1 (Confidence: 0.8)
[ACmK Training] Learned from clinical observation: threshold for patient 1 (Confidence: 0.95)
[ACmK Training] Learned from clinical observation: pattern for patient 1 (Confidence: 0.8)
[ACmK Training] Learned from clinical observation: threshold for patient 1 (Confidence: 0.95)
[ACmK Training] Learned from clinical observation: pattern for patient 1 (Confidence: 0.8)
[ACmK Training] Learned from clinical observation: threshold for patient 1 (Confidence: 0.95)
[ACmK Training] Learned from clinical observation: pattern for patient 1 (Confidence: 0.8)
[ACmK Training] Learned from clinical observation: threshold for patient 1 (Confidence: 0.95)
[ACmK Training] Learned from clinical observation: pattern for patient 1 (Confidence: 0.8)
[ACmK Training] Learned from clinical observation: threshold for patient 1 (Confidence: 0.95)
[ACmK Training] Learned from clinical observation: pattern for patient 1 (Confidence: 0.8)
[ACmK Training] Learned from clinical observation: threshold for patient 1 (Confidence: 0.95)
[ACmK Training] Learned from clinical observation: pattern for patient 1 (Confidence: 0.8)
[ACmK Training] Learned from clinical observation: threshold for patient 1 (Confidence: 0.95)
[ACmK Training] Learned from clinical observation: pattern for patient 1 (Confidence: 0.8)
[ACmK Training] Learned from clinical observation: threshold for patient 1 (Confidence: 0.95)
[ACmK Training] Learned from clinical observation: pattern for patient 1 (Confidence: 0.8)
[ACmK Training] Learned from clinical observation: threshold for patient 1 (Confidence: 0.95)
[ACmK Training] Learned from clinical observation: pattern for patient 1 (Confidence: 0.8)
[ACmK Training] Learned from clinical observation: threshold for patient 1 (Confidence: 0.95)
[ACmK Training] Learned from clinical observation: pattern for patient 1 (Confidence: 0.8)
[ACmK Training] Learned from clinical observation: threshold for patient 1 (Confidence: 0.95)
[ACmK Training] Learned from clinical observation: pattern for patient 1 (Confidence: 0.8)
[ACmK Training] Learned from clinical observation: threshold for patient 1 (Confidence: 0.95)
[ACmK Training] Learned from clinical observation: pattern for patient 1 (Confidence: 0.8)
[ACmK Training] Learned from clinical observation: threshold for patient 1 (Confidence: 0.95)
[ACmK Training] Learned from clinical observation: pattern for patient 1 (Confidence: 0.8)
[ACmK Training] Learned from clinical observation: threshold for patient 1 (Confidence: 0.95)
[ACmK Training] Learned from clinical observation: pattern for patient 1 (Confidence: 0.8)
[ACmK Training] Learned from clinical observation: threshold for patient 1 (Confidence: 0.95)
[ACmK Training] Learned from clinical observation: pattern for patient 1 (Confidence: 0.8)
[ACmK Training] Learned from clinical observation: threshold for patient 1 (Confidence: 0.95)
[ACmK Training] Learned from clinical observation: pattern for patient 1 (Confidence: 0.8)
[ACmK Training] Learned from clinical observation: threshold for patient 1 (Confidence: 0.95)
[ACmK Training] Learned from clinical observation: pattern for patient 1 (Confidence: 0.8)
[ACmK Training] Learned from clinical observation: threshold for patient 1 (Confidence: 0.95)
[ACmK Training] Learned from clinical observation: pattern for patient 1 (Confidence: 0.8)
[ACmK Training] Learned from clinical observation: threshold for patient 1 (Confidence: 0.95)
[ACmK Training] Learned from clinical observation: pattern for patient 1 (Confidence: 0.8)
[ACmK Training] Learned from clinical observation: threshold for patient 1 (Confidence: 0.95)
[ACmK Training] Learned from clinical observation: pattern for patient 1 (Confidence: 0.8)
[ACmK Training] Learned from clinical observation: threshold for patient 1 (Confidence: 0.95)
[ACmK Training] Learned from clinical observation: pattern for patient 1 (Confidence: 0.8)
[ACmK Training] Learned from clinical observation: threshold for patient 1 (Confidence: 0.95)
[ACmK Training] Learned from clinical observation: pattern for patient 1 (Confidence: 0.8)
[ACmK Training] Learned from clinical observation: threshold for patient 1 (Confidence: 0.95)
[ACmK Training] Learned from clinical observation: pattern for patient 1 (Confidence: 0.8)
[ACmK Training] Learned from clinical observation: threshold for patient 1 (Confidence: 0.95)
[ACmK Training] Learned from clinical observation: pattern for patient 1 (Confidence: 0.8)
[ACmK Training] Learned from clinical observation: threshold for patient 1 (Confidence: 0.95)
[ACmK Training] Learned from clinical observation: pattern for patient 1 (Confidence: 0.8)
[ACmK Training] Learned from clinical observation: threshold for patient 1 (Confidence: 0.95)
[ACmK Training] Learned from clinical observation: pattern for patient 1 (Confidence: 0.8)
[ACmK Training] Learned from clinical observation: threshold for patient 1 (Confidence: 0.95)
[ACmK Training] Learned from clinical observation: pattern for patient 1 (Confidence: 0.8)
[ACmK Training] Learned from clinical observation: threshold for patient 1 (Confidence: 0.95)
[ACmK Training] Learned from clinical observation: pattern for patient 1 (Confidence: 0.8)
[ACmK Training] Learned from clinical observation: threshold for patient 1 (Confidence: 0.95)
[ACmK Training] Learned from clinical observation: pattern for patient 1 (Confidence: 0.8)
[ACmK Training] Learned from clinical observation: threshold for patient 1 (Confidence: 0.95)
[ACmK Training] Learned from clinical observation: pattern for patient 1 (Confidence: 0.8)
[ACmK Training] Learned from clinical observation: threshold for patient 1 (Confidence: 0.95)
[ACmK Training] Learned from clinical observation: pattern for patient 1 (Confidence: 0.8)
[ACmK Training] Learned from clinical observation: threshold for patient 1 (Confidence: 0.95)
[ACmK Training] Learned from clinical observation: pattern for patient 1 (Confidence: 0.8)
[ACmK Training] Learned from clinical observation: threshold for patient 1 (Confidence: 0.95)
[ACmK Training] Learned from clinical observation: pattern for patient 1 (Confidence: 0.8)
[ACmK Training] Learned from clinical observation: threshold for patient 1 (Confidence: 0.95)
[ACmK Training] Learned from clinical observation: pattern for patient 1 (Confidence: 0.8)
[ACmK Training] Learned from clinical observation: threshold for patient 1 (Confidence: 0.95)
[ACmK Training] Learned from clinical observation: pattern for patient 1 (Confidence: 0.8)
[ACmK Training] Learned from clinical observation: threshold for patient 1 (Confidence: 0.95)
[ACmK Training] Learned from clinical observation: pattern for patient 1 (Confidence: 0.8)
[ACmK Training] Learned from clinical observation: threshold for patient 1 (Confidence: 0.95)
[ACmK Training] Learned from clinical observation: pattern for patient 1 (Confidence: 0.8)
[ACmK Training] Learned from clinical observation: threshold for patient 1 (Confidence: 0.95)
[ACmK Training] Learned from clinical observation: pattern for patient 1 (Confidence: 0.8)
[ACmK Training] Learned from clinical observation: threshold for patient 1 (Confidence: 0.95)
[ACmK Training] Learned from clinical observation: pattern for patient 1 (Confidence: 0.8)
[ACmK Training] Learned from clinical observation: threshold for patient 1 (Confidence: 0.95)
[ACmK Training] Learned from clinical observation: pattern for patient 1 (Confidence: 0.8)
[ACmK Training] Learned from clinical observation: threshold for patient 1 (Confidence: 0.95)
[ACmK Training] Learned from clinical observation: pattern for patient 1 (Confidence: 0.8)
[ACmK Training] Learned from clinical observation: threshold for patient 1 (Confidence: 0.95)
[ACmK Training] Learned from clinical observation: pattern for patient 1 (Confidence: 0.8)
[ACmK Training] Learned from clinical observation: threshold for patient 1 (Confidence: 0.95)
[ACmK Training] Learned from clinical observation: pattern for patient 1 (Confidence: 0.8)
[ACmK Training] Learned from clinical observation: threshold for patient 1 (Confidence: 0.95)
[ACmK Training] Learned from clinical observation: pattern for patient 1 (Confidence: 0.8)
[ACmK Training] Learned from clinical observation: threshold for patient 1 (Confidence: 0.95)
[ACmK Training] Learned from clinical observation: pattern for patient 1 (Confidence: 0.8)
[ACmK Training] Learned from clinical observation: threshold for patient 1 (Confidence: 0.95)
[ACmK Training] Learned from clinical observation: pattern for patient 1 (Confidence: 0.8)
[ACmK Training] Learned from clinical observation: threshold for patient 1 (Confidence: 0.95)
[ACmK Training] Learned from clinical observation: pattern for patient 1 (Confidence: 0.8)
[ACmK Training] Learned from clinical observation: threshold for patient 1 (Confidence: 0.95)
[ACmK Training] Learned from clinical observation: pattern for patient 1 (Confidence: 0.8)
[ACmK Training] Learned from clinical observation: threshold for patient 1 (Confidence: 0.95)
[ACmK Training] Learned from clinical observation: pattern for patient 1 (Confidence: 0.8)
[ACmK Training] Learned from clinical observation: threshold for patient 1 (Confidence: 0.95)
[ACmK Training] Learned from clinical observation: pattern for patient 1 (Confidence: 0.8)
[ACmK Training] Learned from clinical observation: threshold for patient 1 (Confidence: 0.95)
[ACmK Training] Learned from clinical observation: pattern for patient 1 (Confidence: 0.8)
[ACmK Training] Learned from clinical observation: threshold for patient 1 (Confidence: 0.95)
[ACmK Training] Learned from clinical observation: pattern for patient 1 (Confidence: 0.8)
[ACmK Training] Learned from clinical observation: threshold for patient 1 (Confidence: 0.95)
[ACmK Training] Learned from clinical observation: pattern for patient 1 (Confidence: 0.8)
[ACmK Training] Learned from clinical observation: threshold for patient 1 (Confidence: 0.95)
[ACmK Training] Learned from clinical observation: pattern for patient 1 (Confidence: 0.8)
[ACmK Training] Learned from clinical observation: threshold for patient 1 (Confidence: 0.95)
[ACmK Training] Learned from clinical observation: pattern for patient 1 (Confidence: 0.8)
[ACmK Training] Learned from clinical observation: threshold for patient 1 (Confidence: 0.95)
[ACmK Training] Learned from clinical observation: pattern for patient 1 (Confidence: 0.8)
[ACmK Training] Learned from clinical observation: threshold for patient 1 (Confidence: 0.95)
[ACmK Training] Learned from clinical observation: pattern for patient 1 (Confidence: 0.8)
[ACmK Training] Learned from clinical observation: threshold for patient 1 (Confidence: 0.95)
[ACmK Training] Learned from clinical observation: pattern for patient 1 (Confidence: 0.8)
[ACmK Training] Learned from clinical observation: threshold for patient 1 (Confidence: 0.95)
[ACmK Training] Learned from clinical observation: pattern for patient 1 (Confidence: 0.8)
[ACmK Training] Learned from clinical observation: threshold for patient 1 (Confidence: 0.95)
[ACmK Training] Learned from clinical observation: pattern for patient 1 (Confidence: 0.8)
[ACmK Training] Learned from clinical observation: threshold for patient 1 (Confidence: 0.95)
[ACmK Training] Learned from clinical observation: pattern for patient 1 (Confidence: 0.8)
[ACmK Training] Learned from clinical observation: threshold for patient 1 (Confidence: 0.95)
[ACmK Training] Learned from clinical observation: pattern for patient 1 (Confidence: 0.8)
[ACmK Training] Learned from clinical observation: threshold for patient 1 (Confidence: 0.95)
[ACmK Training] Learned from clinical observation: pattern for patient 1 (Confidence: 0.8)
[ACmK Training] Learned from clinical observation: threshold for patient 1 (Confidence: 0.95)
[ACmK Training] Learned from clinical observation: pattern for patient 1 (Confidence: 0.8)
[ACmK Training] Learned from clinical observation: threshold for patient 1 (Confidence: 0.95)
[ACmK Training] Learned from clinical observation: pattern for patient 1 (Confidence: 0.8)
[ACmK Training] Learned from clinical observation: threshold for patient 1 (Confidence: 0.95)
[ACmK Training] Learned from clinical observation: pattern for patient 1 (Confidence: 0.8)
[ACmK Training] Learned from clinical observation: threshold for patient 1 (Confidence: 0.95)
[ACmK Training] Learned from clinical observation: pattern for patient 1 (Confidence: 0.8)
[ACmK Training] Learned from clinical observation: threshold for patient 1 (Confidence: 0.95)
[ACmK Training] Learned from clinical observation: pattern for patient 1 (Confidence: 0.8)
[ACmK Training] Learned from clinical observation: threshold for patient 1 (Confidence: 0.95)
[ACmK Training] Learned from clinical observation: pattern for patient 1 (Confidence: 0.8)
[ACmK Training] Learned from clinical observation: threshold for patient 1 (Confidence: 0.95)
[ACmK Training] Learned from clinical observation: pattern for patient 1 (Confidence: 0.8)
[ACmK Training] Learned from clinical observation: threshold for patient 1 (Confidence: 0.95)
[ACmK Training] Learned from clinical observation: pattern for patient 1 (Confidence: 0.8)
[ACmK Training] Learned from clinical observation: threshold for patient 1 (Confidence: 0.95)
[ACmK Training] Learned from clinical observation: pattern for patient 1 (Confidence: 0.8)
[ACmK Training] Learned from clinical observation: threshold for patient 1 (Confidence: 0.95)
[ACmK Training] Learned from clinical observation: pattern for patient 1 (Confidence: 0.8)
[ACmK Training] Learned from clinical observation: threshold for patient 1 (Confidence: 0.95)
[ACmK Training] Learned from clinical observation: pattern for patient 1 (Confidence: 0.8)
[ACmK Training] Learned from clinical observation: threshold for patient 1 (Confidence: 0.95)
[ACmK Training] Learned from clinical observation: pattern for patient 1 (Confidence: 0.8)
[ACmK Training] Learned from clinical observation: threshold for patient 1 (Confidence: 0.95)
[ACmK Training] Learned from clinical observation: pattern for patient 1 (Confidence: 0.8)
[ACmK Training] Learned from clinical observation: threshold for patient 1 (Confidence: 0.95)
[ACmK Training] Learned from clinical observation: pattern for patient 1 (Confidence: 0.8)
[ACmK Training] Learned from clinical observation: threshold for patient 1 (Confidence: 0.95)
[ACmK Training] Learned from clinical observation: pattern for patient 1 (Confidence: 0.8)
[ACmK Training] Learned from clinical observation: threshold for patient 1 (Confidence: 0.95)
[ACmK Training] Learned from clinical observation: pattern for patient 1 (Confidence: 0.8)
[ACmK Training] Learned from clinical observation: threshold for patient 1 (Confidence: 0.95)
[ACmK Training] Learned from clinical observation: pattern for patient 1 (Confidence: 0.8)
[ACmK Training] Learned from clinical observation: threshold for patient 1 (Confidence: 0.95)
[ACmK Training] Learned from clinical observation: pattern for patient 1 (Confidence: 0.8)
[ACmK Training] Learned from clinical observation: threshold for patient 1 (Confidence: 0.95)
[ACmK Training] Learned from clinical observation: pattern for patient 1 (Confidence: 0.8)
[ACmK Training] Learned from clinical observation: threshold for patient 1 (Confidence: 0.95)
[ACmK Training] Learned from clinical observation: pattern for patient 1 (Confidence: 0.8)
[ACmK Training] Learned from clinical observation: threshold for patient 1 (Confidence: 0.95)
[ACmK Training] Learned from clinical observation: pattern for patient 1 (Confidence: 0.8)
[ACmK Training] Learned from clinical observation: threshold for patient 1 (Confidence: 0.95)
[ACmK Training] Learned from clinical observation: pattern for patient 1 (Confidence: 0.8)
[ACmK Training] Learned from clinical observation: threshold for patient 1 (Confidence: 0.95)
[ACmK Training] Learned from clinical observation: pattern for patient 1 (Confidence: 0.8)
[ACmK Training] Learned from clinical observation: threshold for patient 1 (Confidence: 0.95)
[ACmK Training] Learned from clinical observation: pattern for patient 1 (Confidence: 0.8)
[ACmK Training] Learned from clinical observation: threshold for patient 1 (Confidence: 0.95)
[ACmK Training] Learned from clinical observation: pattern for patient 1 (Confidence: 0.8)
[ACmK Training] Learned from clinical observation: threshold for patient 1 (Confidence: 0.95)
[ACmK Training] Learned from clinical observation: pattern for patient 1 (Confidence: 0.8)
[ACmK Training] Learned from clinical observation: threshold for patient 1 (Confidence: 0.95)
[ACmK Training] Learned from clinical observation: pattern for patient 1 (Confidence: 0.8)
[ACmK Training] Learned from clinical observation: threshold for patient 1 (Confidence: 0.95)
[ACmK Training] Learned from clinical observation: pattern for patient 1 (Confidence: 0.8)
[ACmK Training] Learned from clinical observation: threshold for patient 1 (Confidence: 0.95)
[ACmK Training] Learned from clinical observation: pattern for patient 1 (Confidence: 0.8)
[ACmK Training] Learned from clinical observation: threshold for patient 1 (Confidence: 0.95)
[ACmK Training] Learned from clinical observation: pattern for patient 1 (Confidence: 0.8)
[ACmK Training] Learned from clinical observation: threshold for patient 1 (Confidence: 0.95)
[ACmK Training] Learned from clinical observation: pattern for patient 1 (Confidence: 0.8)
[ACmK Training] Learned from clinical observation: threshold for patient 1 (Confidence: 0.95)
[ACmK Training] Learned from clinical observation: pattern for patient 1 (Confidence: 0.8)
[ACmK Training] Learned from clinical observation: threshold for patient 1 (Confidence: 0.95)
[ACmK Training] Learned from clinical observation: pattern for patient 1 (Confidence: 0.8)
[ACmK Training] Learned from clinical observation: threshold for patient 1 (Confidence: 0.95)
[ACmK Training] Learned from clinical observation: pattern for patient 1 (Confidence: 0.8)
[ACmK Training] Learned from clinical observation: threshold for patient 1 (Confidence: 0.95)
[ACmK Training] Learned from clinical observation: pattern for patient 1 (Confidence: 0.8)
[ACmK Training] Learned from clinical observation: threshold for patient 1 (Confidence: 0.95)
[ACmK Training] Learned from clinical observation: pattern for patient 1 (Confidence: 0.8)
[ACmK Training] Learned from clinical observation: threshold for patient 1 (Confidence: 0.95)
[ACmK Training] Learned from clinical observation: pattern for patient 1 (Confidence: 0.8)
[ACmK Training] Learned from clinical observation: threshold for patient 1 (Confidence: 0.95)
[ACmK Training] Learned from clinical observation: pattern for patient 1 (Confidence: 0.8)
[ACmK Training] Learned from clinical observation: threshold for patient 1 (Confidence: 0.95)
[ACmK Training] Learned from clinical observation: pattern for patient 1 (Confidence: 0.8)
[ACmK Training] Learned from clinical observation: threshold for patient 1 (Confidence: 0.95)
[ACmK Training] Learned from clinical observation: pattern for patient 1 (Confidence: 0.8)
[ACmK Training] Learned from clinical observation: threshold for patient 1 (Confidence: 0.95)
[ACmK Training] Learned from clinical observation: pattern for patient 1 (Confidence: 0.8)
[ACmK Training] Learned from clinical observation: threshold for patient 1 (Confidence: 0.95)
[ACmK Training] Learned from clinical observation: pattern for patient 1 (Confidence: 0.8)
[ACmK Training] Learned from clinical observation: threshold for patient 1 (Confidence: 0.95)
[ACmK Training] Learned from clinical observation: pattern for patient 1 (Confidence: 0.8)
[ACmK Training] Learned from clinical observation: threshold for patient 1 (Confidence: 0.95)
[ACmK Training] Learned from clinical observation: pattern for patient 1 (Confidence: 0.8)
[ACmK Training] Learned from clinical observation: threshold for patient 1 (Confidence: 0.95)
[ACmK Training] Learned from clinical observation: pattern for patient 1 (Confidence: 0.8)
[ACmK Training] Learned from clinical observation: threshold for patient 1 (Confidence: 0.95)
[ACmK Training] Learned from clinical observation: pattern for patient 1 (Confidence: 0.8)
[ACmK Training] Learned from clinical observation: threshold for patient 1 (Confidence: 0.95)
[ACmK Training] Learned from clinical observation: pattern for patient 1 (Confidence: 0.8)
[ACmK Training] Learned from clinical observation: threshold for patient 1 (Confidence: 0.95)
[ACmK Training] Learned from clinical observation: pattern for patient 1 (Confidence: 0.8)
[ACmK Training] Learned from clinical observation: threshold for patient 1 (Confidence: 0.95)
[ACmK Training] Learned from clinical observation: pattern for patient 1 (Confidence: 0.8)
[ACmK Training] Learned from clinical observation: threshold for patient 1 (Confidence: 0.95)
[ACmK Training] Learned from clinical observation: pattern for patient 1 (Confidence: 0.8)
[ACmK Training] Learned from clinical observation: threshold for patient 1 (Confidence: 0.95)
[ACmK Training] Learned from clinical observation: pattern for patient 1 (Confidence: 0.8)
[ACmK Training] Learned from clinical observation: threshold for patient 1 (Confidence: 0.95)
[ACmK Training] Learned from clinical observation: pattern for patient 1 (Confidence: 0.8)
[ACmK Training] Learned from clinical observation: threshold for patient 1 (Confidence: 0.95)
[ACmK Training] Learned from clinical observation: pattern for patient 1 (Confidence: 0.8)
[ACmK Training] Learned from clinical observation: threshold for patient 1 (Confidence: 0.95)
[ACmK Training] Learned from clinical observation: pattern for patient 1 (Confidence: 0.8)
[ACmK Training] Learned from clinical observation: threshold for patient 1 (Confidence: 0.95)
[ACmK Training] Learned from clinical observation: pattern for patient 1 (Confidence: 0.8)
[ACmK Training] Learned from clinical observation: threshold for patient 1 (Confidence: 0.95)
[ACmK Training] Learned from clinical observation: pattern for patient 1 (Confidence: 0.8)
[ACmK Training] Learned from clinical observation: threshold for patient 1 (Confidence: 0.95)
[ACmK Training] Learned from clinical observation: pattern for patient 1 (Confidence: 0.8)
[ACmK Training] Learned from clinical observation: threshold for patient 1 (Confidence: 0.95)
[ACmK Training] Learned from clinical observation: pattern for patient 1 (Confidence: 0.8)
[ACmK Training] Learned from clinical observation: threshold for patient 1 (Confidence: 0.95)
[ACmK Training] Learned from clinical observation: pattern for patient 1 (Confidence: 0.8)
[ACmK Training] Learned from clinical observation: threshold for patient 1 (Confidence: 0.95)
[ACmK Training] Learned from clinical observation: pattern for patient 1 (Confidence: 0.8)
[ACmK Training] Learned from clinical observation: threshold for patient 1 (Confidence: 0.95)
[ACmK Training] Learned from clinical observation: pattern for patient 1 (Confidence: 0.8)
[ACmK Training] Learned from clinical observation: threshold for patient 1 (Confidence: 0.95)
[ACmK Training] Learned from clinical observation: pattern for patient 1 (Confidence: 0.8)
[ACmK Training] Learned from clinical observation: threshold for patient 1 (Confidence: 0.95)
[ACmK Training] Learned from clinical observation: pattern for patient 1 (Confidence: 0.8)
[ACmK Training] Learned from clinical observation: threshold for patient 1 (Confidence: 0.95)
[ACmK Training] Learned from clinical observation: pattern for patient 1 (Confidence: 0.8)
[ACmK Training] Learned from clinical observation: threshold for patient 1 (Confidence: 0.95)
[ACmK Training] Learned from clinical observation: pattern for patient 1 (Confidence: 0.8)
[ACmK Training] Learned from clinical observation: threshold for patient 1 (Confidence: 0.95)
[ACmK Training] Learned from clinical observation: pattern for patient 1 (Confidence: 0.8)
[ACmK Training] Learned from clinical observation: threshold for patient 1 (Confidence: 0.95)
[ACmK Training] Learned from clinical observation: pattern for patient 1 (Confidence: 0.8)
[ACmK Training] Learned from clinical observation: threshold for patient 1 (Confidence: 0.95)
[ACmK Training] Learned from clinical observation: pattern for patient 1 (Confidence: 0.8)
[ACmK Training] Learned from clinical observation: threshold for patient 1 (Confidence: 0.95)
[ACmK Training] Learned from clinical observation: pattern for patient 1 (Confidence: 0.8)
[ACmK Training] Learned from clinical observation: threshold for patient 1 (Confidence: 0.95)
[ACmK Training] Learned from clinical observation: pattern for patient 1 (Confidence: 0.8)
[ACmK Training] Learned from clinical observation: threshold for patient 1 (Confidence: 0.95)
[ACmK Training] Learned from clinical observation: pattern for patient 1 (Confidence: 0.8)
[ACmK Training] Learned from clinical observation: threshold for patient 1 (Confidence: 0.95)
[ACmK Training] Learned from clinical observation: pattern for patient 1 (Confidence: 0.8)
[ACmK Training] Learned from clinical observation: threshold for patient 1 (Confidence: 0.95)
[ACmK Training] Learned from clinical observation: pattern for patient 1 (Confidence: 0.8)
[ACmK Training] Learned from clinical observation: threshold for patient 1 (Confidence: 0.95)
[ACmK Training] Learned from clinical observation: pattern for patient 1 (Confidence: 0.8)
[ACmK Training] Learned from clinical observation: threshold for patient 1 (Confidence: 0.95)
[ACmK Training] Learned from clinical observation: pattern for patient 1 (Confidence: 0.8)
[ACmK Training] Learned from clinical observation: threshold for patient 1 (Confidence: 0.95)
[ACmK Training] Learned from clinical observation: pattern for patient 1 (Confidence: 0.8)
[ACmK Training] Learned from clinical observation: threshold for patient 1 (Confidence: 0.95)
[ACmK Training] Learned from clinical observation: pattern for patient 1 (Confidence: 0.8)
[ACmK Training] Learned from clinical observation: threshold for patient 1 (Confidence: 0.95)
[ACmK Training] Learned from clinical observation: pattern for patient 1 (Confidence: 0.8)
[ACmK Training] Learned from clinical observation: threshold for patient 1 (Confidence: 0.95)
[ACmK Training] Learned from clinical observation: pattern for patient 1 (Confidence: 0.8)
[ACmK Training] Learned from clinical observation: threshold for patient 1 (Confidence: 0.95)
[ACmK Training] Learned from clinical observation: pattern for patient 1 (Confidence: 0.8)
[ACmK Training] Learned from clinical observation: threshold for patient 1 (Confidence: 0.95)
[ACmK Training] Learned from clinical observation: pattern for patient 1 (Confidence: 0.8)
[ACmK Training] Learned from clinical observation: threshold for patient 1 (Confidence: 0.95)
[ACmK Training] Learned from clinical observation: pattern for patient 1 (Confidence: 0.8)
[ACmK Training] Learned from clinical observation: threshold for patient 1 (Confidence: 0.95)
[ACmK Training] Learned from clinical observation: pattern for patient 1 (Confidence: 0.8)
[ACmK Training] Learned from clinical observation: threshold for patient 1 (Confidence: 0.95)
[ACmK Training] Learned from clinical observation: pattern for patient 1 (Confidence: 0.8)
[ACmK Training] Learned from clinical observation: threshold for patient 1 (Confidence: 0.95)
[ACmK Training] Learned from clinical observation: pattern for patient 1 (Confidence: 0.8)
[ACmK Training] Learned from clinical observation: threshold for patient 1 (Confidence: 0.95)
[ACmK Training] Learned from clinical observation: pattern for patient 1 (Confidence: 0.8)
[ACmK Training] Learned from clinical observation: threshold for patient 1 (Confidence: 0.95)
[ACmK Training] Learned from clinical observation: pattern for patient 1 (Confidence: 0.8)
[ACmK Training] Learned from clinical observation: threshold for patient 1 (Confidence: 0.95)
[ACmK Training] Learned from clinical observation: pattern for patient 1 (Confidence: 0.8)
[ACmK Training] Learned from clinical observation: threshold for patient 1 (Confidence: 0.95)
[ACmK Training] Learned from clinical observation: pattern for patient 1 (Confidence: 0.8)
[ACmK Training] Learned from clinical observation: threshold for patient 1 (Confidence: 0.95)
[ACmK Training] Learned from clinical observation: pattern for patient 1 (Confidence: 0.8)
[ACmK Training] Learned from clinical observation: threshold for patient 1 (Confidence: 0.95)
[ACmK Training] Learned from clinical observation: pattern for patient 1 (Confidence: 0.8)
[ACmK Training] Learned from clinical observation: threshold for patient 1 (Confidence: 0.95)
[ACmK Training] Learned from clinical observation: pattern for patient 1 (Confidence: 0.8)
[ACmK Training] Learned from clinical observation: threshold for patient 1 (Confidence: 0.95)
[ACmK Training] Learned from clinical observation: pattern for patient 1 (Confidence: 0.8)
[ACmK Training] Learned from clinical observation: threshold for patient 1 (Confidence: 0.95)
[ACmK Training] Learned from clinical observation: pattern for patient 1 (Confidence: 0.8)
[ACmK Training] Learned from clinical observation: threshold for patient 1 (Confidence: 0.95)
[ACmK Training] Learned from clinical observation: pattern for patient 1 (Confidence: 0.8)
[ACmK Training] Learned from clinical observation: threshold for patient 1 (Confidence: 0.95)
[ACmK Training] Learned from clinical observation: pattern for patient 1 (Confidence: 0.8)
[ACmK Training] Learned from clinical observation: threshold for patient 1 (Confidence: 0.95)
[ACmK Training] Learned from clinical observation: pattern for patient 1 (Confidence: 0.8)
[ACmK Training] Learned from clinical observation: threshold for patient 1 (Confidence: 0.95)
[ACmK Training] Learned from clinical observation: pattern for patient 1 (Confidence: 0.8)
[ACmK Training] Learned from clinical observation: threshold for patient 1 (Confidence: 0.95)
[ACmK Training] Learned from clinical observation: pattern for patient 1 (Confidence: 0.8)
[ACmK Training] Learned from clinical observation: threshold for patient 1 (Confidence: 0.95)
[ACmK Training] Learned from clinical observation: pattern for patient 1 (Confidence: 0.8)
[ACmK Training] Learned from clinical observation: threshold for patient 1 (Confidence: 0.95)
[ACmK Training] Learned from clinical observation: pattern for patient 1 (Confidence: 0.8)
[ACmK Training] Learned from clinical observation: threshold for patient 1 (Confidence: 0.95)
[ACmK Training] Learned from clinical observation: pattern for patient 1 (Confidence: 0.8)
[ACmK Training] Learned from clinical observation: threshold for patient 1 (Confidence: 0.95)
[ACmK Training] Learned from clinical observation: pattern for patient 1 (Confidence: 0.8)
[ACmK Training] Learned from clinical observation: threshold for patient 1 (Confidence: 0.95)
[ACmK Training] Learned from clinical observation: pattern for patient 1 (Confidence: 0.8)
[ACmK Training] Learned from clinical observation: threshold for patient 1 (Confidence: 0.95)
[ACmK Training] Learned from clinical observation: pattern for patient 1 (Confidence: 0.8)
[ACmK Training] Learned from clinical observation: threshold for patient 1 (Confidence: 0.95)
[ACmK Training] Learned from clinical observation: pattern for patient 1 (Confidence: 0.8)
[ACmK Training] Learned from clinical observation: threshold for patient 1 (Confidence: 0.95)
[ACmK Training] Learned from clinical observation: pattern for patient 1 (Confidence: 0.8)
[ACmK Training] Learned from clinical observation: threshold for patient 1 (Confidence: 0.95)
[ACmK Training] Learned from clinical observation: pattern for patient 1 (Confidence: 0.8)
[ACmK Training] Learned from clinical observation: threshold for patient 1 (Confidence: 0.95)
[ACmK Training] Learned from clinical observation: pattern for patient 1 (Confidence: 0.8)
[ACmK Training] Learned from clinical observation: threshold for patient 1 (Confidence: 0.95)
[ACmK Training] Learned from clinical observation: pattern for patient 1 (Confidence: 0.8)
[ACmK Training] Learned from clinical observation: threshold for patient 1 (Confidence: 0.95)
[ACmK Training] Learned from clinical observation: pattern for patient 1 (Confidence: 0.8)
[ACmK Training] Learned from clinical observation: threshold for patient 1 (Confidence: 0.95)
[ACmK Training] Learned from clinical observation: pattern for patient 1 (Confidence: 0.8)
[ACmK Training] Learned from clinical observation: threshold for patient 1 (Confidence: 0.95)
[ACmK Training] Learned from clinical observation: pattern for patient 1 (Confidence: 0.8)
[ACmK Training] Learned from clinical observation: threshold for patient 1 (Confidence: 0.95)
[ACmK Training] Learned from clinical observation: pattern for patient 1 (Confidence: 0.8)
[ACmK Training] Learned from clinical observation: threshold for patient 1 (Confidence: 0.95)
[ACmK Training] Learned from clinical observation: pattern for patient 1 (Confidence: 0.8)
[ACmK Training] Learned from clinical observation: threshold for patient 1 (Confidence: 0.95)
[ACmK Training] Learned from clinical observation: pattern for patient 1 (Confidence: 0.8)
[ACmK Training] Learned from clinical observation: threshold for patient 1 (Confidence: 0.95)
[ACmK Training] Learned from clinical observation: pattern for patient 1 (Confidence: 0.8)
[ACmK Training] Learned from clinical observation: threshold for patient 1 (Confidence: 0.95)
[ACmK Training] Learned from clinical observation: pattern for patient 1 (Confidence: 0.8)
[ACmK Training] Learned from clinical observation: threshold for patient 1 (Confidence: 0.95)
[ACmK Training] Learned from clinical observation: pattern for patient 1 (Confidence: 0.8)
[ACmK Training] Learned from clinical observation: threshold for patient 1 (Confidence: 0.95)
[ACmK Training] Learned from clinical observation: pattern for patient 1 (Confidence: 0.8)
[ACmK Training] Learned from clinical observation: threshold for patient 1 (Confidence: 0.95)
[ACmK Training] Learned from clinical observation: pattern for patient 1 (Confidence: 0.8)
[ACmK Training] Learned from clinical observation: threshold for patient 1 (Confidence: 0.95)
[ACmK Training] Learned from clinical observation: pattern for patient 1 (Confidence: 0.8)
[ACmK Training] Learned from clinical observation: threshold for patient 1 (Confidence: 0.95)
[ACmK Training] Learned from clinical observation: pattern for patient 1 (Confidence: 0.8)
[ACmK Training] Learned from clinical observation: threshold for patient 1 (Confidence: 0.95)
[ACmK Training] Learned from clinical observation: pattern for patient 1 (Confidence: 0.8)
[ACmK Training] Learned from clinical observation: threshold for patient 1 (Confidence: 0.95)
[ACmK Training] Learned from clinical observation: pattern for patient 1 (Confidence: 0.8)
[ACmK Training] Learned from clinical observation: threshold for patient 1 (Confidence: 0.95)
[ACmK Training] Learned from clinical observation: pattern for patient 1 (Confidence: 0.8)
[ACmK Training] Learned from clinical observation: threshold for patient 1 (Confidence: 0.95)
[ACmK Training] Learned from clinical observation: pattern for patient 1 (Confidence: 0.8)
[ACmK Training] Learned from clinical observation: threshold for patient 1 (Confidence: 0.95)
[ACmK Training] Learned from clinical observation: pattern for patient 1 (Confidence: 0.8)
[ACmK Training] Learned from clinical observation: threshold for patient 1 (Confidence: 0.95)
[ACmK Training] Learned from clinical observation: pattern for patient 1 (Confidence: 0.8)
[ACmK Training] Learned from clinical observation: threshold for patient 1 (Confidence: 0.95)
[ACmK Training] Learned from clinical observation: pattern for patient 1 (Confidence: 0.8)
[ACmK Training] Learned from clinical observation: threshold for patient 1 (Confidence: 0.95)
[ACmK Training] Learned from clinical observation: pattern for patient 1 (Confidence: 0.8)
[ACmK Training] Learned from clinical observation: threshold for patient 1 (Confidence: 0.95)
[ACmK Training] Learned from clinical observation: pattern for patient 1 (Confidence: 0.8)
[ACmK Training] Learned from clinical observation: threshold for patient 1 (Confidence: 0.95)
[ACmK Training] Learned from clinical observation: pattern for patient 1 (Confidence: 0.8)
[ACmK Training] Learned from clinical observation: threshold for patient 1 (Confidence: 0.95)
[ACmK Training] Learned from clinical observation: pattern for patient 1 (Confidence: 0.8)
[ACmK Training] Learned from clinical observation: threshold for patient 1 (Confidence: 0.95)
[ACmK Training] Learned from clinical observation: pattern for patient 1 (Confidence: 0.8)
[ACmK Training] Learned from clinical observation: threshold for patient 1 (Confidence: 0.95)
[ACmK Training] Learned from clinical observation: pattern for patient 1 (Confidence: 0.8)
[ACmK Training] Learned from clinical observation: threshold for patient 1 (Confidence: 0.95)
[ACmK Training] Learned from clinical observation: pattern for patient 1 (Confidence: 0.8)
[ACmK Training] Learned from clinical observation: threshold for patient 1 (Confidence: 0.95)
[ACmK Training] Learned from clinical observation: pattern for patient 1 (Confidence: 0.8)
[ACmK Training] Learned from clinical observation: threshold for patient 1 (Confidence: 0.95)
[ACmK Training] Learned from clinical observation: pattern for patient 1 (Confidence: 0.8)
[ACmK Training] Learned from clinical observation: threshold for patient 1 (Confidence: 0.95)
[ACmK Training] Learned from clinical observation: pattern for patient 1 (Confidence: 0.8)
[ACmK Training] Learned from clinical observation: threshold for patient 1 (Confidence: 0.95)
[ACmK Training] Learned from clinical observation: pattern for patient 1 (Confidence: 0.8)
[ACmK Training] Learned from clinical observation: threshold for patient 1 (Confidence: 0.95)
[ACmK Training] Learned from clinical observation: pattern for patient 1 (Confidence: 0.8)
[ACmK Training] Learned from clinical observation: threshold for patient 1 (Confidence: 0.95)
[ACmK Training] Learned from clinical observation: pattern for patient 1 (Confidence: 0.8)
[ACmK Training] Learned from clinical observation: threshold for patient 1 (Confidence: 0.95)
[ACmK Training] Learned from clinical observation: pattern for patient 1 (Confidence: 0.8)
[ACmK Training] Learned from clinical observation: threshold for patient 1 (Confidence: 0.95)
[ACmK Training] Learned from clinical observation: pattern for patient 1 (Confidence: 0.8)
[ACmK Training] Learned from clinical observation: threshold for patient 1 (Confidence: 0.95)
[ACmK Training] Learned from clinical observation: pattern for patient 1 (Confidence: 0.8)
[ACmK Training] Learned from clinical observation: threshold for patient 1 (Confidence: 0.95)
[ACmK Training] Learned from clinical observation: pattern for patient 1 (Confidence: 0.8)
[ACmK Training] Learned from clinical observation: threshold for patient 1 (Confidence: 0.95)
[ACmK Training] Learned from clinical observation: pattern for patient 1 (Confidence: 0.8)
[ACmK Training] Learned from clinical observation: threshold for patient 1 (Confidence: 0.95)
[ACmK Training] Learned from clinical observation: pattern for patient 1 (Confidence: 0.8)
[ACmK Training] Learned from clinical observation: threshold for patient 1 (Confidence: 0.95)
[ACmK Training] Learned from clinical observation: pattern for patient 1 (Confidence: 0.8)
[ACmK Training] Learned from clinical observation: threshold for patient 1 (Confidence: 0.95)
[ACmK Training] Learned from clinical observation: pattern for patient 1 (Confidence: 0.8)
[ACmK Training] Learned from clinical observation: threshold for patient 1 (Confidence: 0.95)
[ACmK Training] Learned from clinical observation: pattern for patient 1 (Confidence: 0.8)
[ACmK Training] Learned from clinical observation: threshold for patient 1 (Confidence: 0.95)
[ACmK Training] Learned from clinical observation: pattern for patient 1 (Confidence: 0.8)
[ACmK Training] Learned from clinical observation: threshold for patient 1 (Confidence: 0.95)
[ACmK Training] Learned from clinical observation: pattern for patient 1 (Confidence: 0.8)
[ACmK Training] Learned from clinical observation: threshold for patient 1 (Confidence: 0.95)
[ACmK Training] Learned from clinical observation: pattern for patient 1 (Confidence: 0.8)
[ACmK Training] Learned from clinical observation: threshold for patient 1 (Confidence: 0.95)
[ACmK Training] Learned from clinical observation: pattern for patient 1 (Confidence: 0.8)
[ACmK Training] Learned from clinical observation: threshold for patient 1 (Confidence: 0.95)
[ACmK Training] Learned from clinical observation: pattern for patient 1 (Confidence: 0.8)
[ACmK Training] Learned from clinical observation: threshold for patient 1 (Confidence: 0.95)
[ACmK Training] Learned from clinical observation: pattern for patient 1 (Confidence: 0.8)
[ACmK Training] Learned from clinical observation: threshold for patient 1 (Confidence: 0.95)
[ACmK Training] Learned from clinical observation: pattern for patient 1 (Confidence: 0.8)
[ACmK Training] Learned from clinical observation: threshold for patient 1 (Confidence: 0.95)
[ACmK Training] Learned from clinical observation: pattern for patient 1 (Confidence: 0.8)
[ACmK Training] Learned from clinical observation: threshold for patient 1 (Confidence: 0.95)
[ACmK Training] Learned from clinical observation: pattern for patient 1 (Confidence: 0.8)
[ACmK Training] Learned from clinical observation: threshold for patient 1 (Confidence: 0.95)
[ACmK Training] Learned from clinical observation: pattern for patient 1 (Confidence: 0.8)
[ACmK Training] Learned from clinical observation: threshold for patient 1 (Confidence: 0.95)
[ACmK Training] Learned from clinical observation: pattern for patient 1 (Confidence: 0.8)
[ACmK Training] Learned from clinical observation: threshold for patient 1 (Confidence: 0.95)
[ACmK Training] Learned from clinical observation: pattern for patient 1 (Confidence: 0.8)
[ACmK Training] Learned from clinical observation: threshold for patient 1 (Confidence: 0.95)
[ACmK Training] Learned from clinical observation: pattern for patient 1 (Confidence: 0.8)
[ACmK Training] Learned from clinical observation: threshold for patient 1 (Confidence: 0.95)
[ACmK Training] Learned from clinical observation: pattern for patient 1 (Confidence: 0.8)
[ACmK Training] Learned from clinical observation: threshold for patient 1 (Confidence: 0.95)
[ACmK Training] Learned from clinical observation: pattern for patient 1 (Confidence: 0.8)
[ACmK Training] Learned from clinical observation: threshold for patient 1 (Confidence: 0.95)
[ACmK Training] Learned from clinical observation: pattern for patient 1 (Confidence: 0.8)
[ACmK Training] Learned from clinical observation: threshold for patient 1 (Confidence: 0.95)
[ACmK Training] Learned from clinical observation: pattern for patient 1 (Confidence: 0.8)
[ACmK Training] Learned from clinical observation: threshold for patient 1 (Confidence: 0.95)
[ACmK Training] Learned from clinical observation: pattern for patient 1 (Confidence: 0.8)
[ACmK Training] Learned from clinical observation: threshold for patient 1 (Confidence: 0.95)
[ACmK Training] Learned from clinical observation: pattern for patient 1 (Confidence: 0.8)
[ACmK Training] Learned from clinical observation: threshold for patient 1 (Confidence: 0.95)
[ACmK Training] Learned from clinical observation: pattern for patient 1 (Confidence: 0.8)
[ACmK Training] Learned from clinical observation: threshold for patient 1 (Confidence: 0.95)
[ACmK Training] Learned from clinical observation: pattern for patient 1 (Confidence: 0.8)
[ACmK Training] Learned from clinical observation: threshold for patient 1 (Confidence: 0.95)
[ACmK Training] Learned from clinical observation: pattern for patient 1 (Confidence: 0.8)
[ACmK Training] Learned from clinical observation: threshold for patient 1 (Confidence: 0.95)
[ACmK Training] Learned from clinical observation: pattern for patient 1 (Confidence: 0.8)
[ACmK Training] Learned from clinical observation: threshold for patient 1 (Confidence: 0.95)
[ACmK Training] Learned from clinical observation: pattern for patient 1 (Confidence: 0.8)
[ACmK Training] Learned from clinical observation: threshold for patient 1 (Confidence: 0.95)
[ACmK Training] Learned from clinical observation: pattern for patient 1 (Confidence: 0.8)
[ACmK Training] Learned from clinical observation: threshold for patient 1 (Confidence: 0.95)
[ACmK Training] Learned from clinical observation: pattern for patient 1 (Confidence: 0.8)
[ACmK Training] Learned from clinical observation: threshold for patient 1 (Confidence: 0.95)
[ACmK Training] Learned from clinical observation: pattern for patient 1 (Confidence: 0.8)
[ACmK Training] Learned from clinical observation: threshold for patient 1 (Confidence: 0.95)
[ACmK Training] Learned from clinical observation: pattern for patient 1 (Confidence: 0.8)
[ACmK Training] Learned from clinical observation: threshold for patient 1 (Confidence: 0.95)
[ACmK Training] Learned from clinical observation: pattern for patient 1 (Confidence: 0.8)
[ACmK Training] Learned from clinical observation: threshold for patient 1 (Confidence: 0.95)
[ACmK Training] Learned from clinical observation: pattern for patient 1 (Confidence: 0.8)
[ACmK Training] Learned from clinical observation: threshold for patient 1 (Confidence: 0.95)
[ACmK Training] Learned from clinical observation: pattern for patient 1 (Confidence: 0.8)
[ACmK Training] Learned from clinical observation: threshold for patient 1 (Confidence: 0.95)
[ACmK Training] Learned from clinical observation: pattern for patient 1 (Confidence: 0.8)
[ACmK Training] Learned from clinical observation: threshold for patient 1 (Confidence: 0.95)
[ACmK Training] Learned from clinical observation: pattern for patient 1 (Confidence: 0.8)
[ACmK Training] Learned from clinical observation: threshold for patient 1 (Confidence: 0.95)
[ACmK Training] Learned from clinical observation: pattern for patient 1 (Confidence: 0.8)
[ACmK Training] Learned from clinical observation: threshold for patient 1 (Confidence: 0.95)
[ACmK Training] Learned from clinical observation: pattern for patient 1 (Confidence: 0.8)
[ACmK Training] Learned from clinical observation: threshold for patient 1 (Confidence: 0.95)
[ACmK Training] Learned from clinical observation: pattern for patient 1 (Confidence: 0.8)
[ACmK Training] Learned from clinical observation: threshold for patient 1 (Confidence: 0.95)
[ACmK Training] Learned from clinical observation: pattern for patient 1 (Confidence: 0.8)
[ACmK Training] Learned from clinical observation: threshold for patient 1 (Confidence: 0.95)
[ACmK Training] Learned from clinical observation: pattern for patient 1 (Confidence: 0.8)
[ACmK Training] Learned from clinical observation: threshold for patient 1 (Confidence: 0.95)
[ACmK Training] Learned from clinical observation: pattern for patient 1 (Confidence: 0.8)
[ACmK Training] Learned from clinical observation: threshold for patient 1 (Confidence: 0.95)
[ACmK Training] Learned from clinical observation: pattern for patient 1 (Confidence: 0.8)
[ACmK Training] Learned from clinical observation: threshold for patient 1 (Confidence: 0.95)
[ACmK Training] Learned from clinical observation: pattern for patient 1 (Confidence: 0.8)
[ACmK Training] Learned from clinical observation: threshold for patient 1 (Confidence: 0.95)
[ACmK Training] Learned from clinical observation: pattern for patient 1 (Confidence: 0.8)
[ACmK Training] Learned from clinical observation: threshold for patient 1 (Confidence: 0.95)
[ACmK Training] Learned from clinical observation: pattern for patient 1 (Confidence: 0.8)
[ACmK Training] Learned from clinical observation: threshold for patient 1 (Confidence: 0.95)
[ACmK Training] Learned from clinical observation: pattern for patient 1 (Confidence: 0.8)
[ACmK Training] Learned from clinical observation: threshold for patient 1 (Confidence: 0.95)
[ACmK Training] Learned from clinical observation: pattern for patient 1 (Confidence: 0.8)
[ACmK Training] Learned from clinical observation: threshold for patient 1 (Confidence: 0.95)
[ACmK Training] Learned from clinical observation: pattern for patient 1 (Confidence: 0.8)
[ACmK Training] Learned from clinical observation: threshold for patient 1 (Confidence: 0.95)
[ACmK Training] Learned from clinical observation: pattern for patient 1 (Confidence: 0.8)
[ACmK Training] Learned from clinical observation: threshold for patient 1 (Confidence: 0.95)
[ACmK Training] Learned from clinical observation: pattern for patient 1 (Confidence: 0.8)
[ACmK Training] Learned from clinical observation: threshold for patient 1 (Confidence: 0.95)
[ACmK Training] Learned from clinical observation: pattern for patient 1 (Confidence: 0.8)
[ACmK Training] Learned from clinical observation: threshold for patient 1 (Confidence: 0.95)
[ACmK Training] Learned from clinical observation: pattern for patient 1 (Confidence: 0.8)
[ACmK Training] Learned from clinical observation: threshold for patient 1 (Confidence: 0.95)
[ACmK Training] Learned from clinical observation: pattern for patient 1 (Confidence: 0.8)
[ACmK Training] Learned from clinical observation: threshold for patient 1 (Confidence: 0.95)
[ACmK Training] Learned from clinical observation: pattern for patient 1 (Confidence: 0.8)
[ACmK Training] Learned from clinical observation: threshold for patient 1 (Confidence: 0.95)
[ACmK Training] Learned from clinical observation: pattern for patient 1 (Confidence: 0.8)
[ACmK Training] Learned from clinical observation: threshold for patient 1 (Confidence: 0.95)
[ACmK Training] Learned from clinical observation: pattern for patient 1 (Confidence: 0.8)
[ACmK Training] Learned from clinical observation: threshold for patient 1 (Confidence: 0.95)
[ACmK Training] Learned from clinical observation: pattern for patient 1 (Confidence: 0.8)
[ACmK Training] Learned from clinical observation: threshold for patient 1 (Confidence: 0.95)
[ACmK Training] Learned from clinical observation: pattern for patient 1 (Confidence: 0.8)
[ACmK Training] Learned from clinical observation: threshold for patient 1 (Confidence: 0.95)
[ACmK Training] Learned from clinical observation: pattern for patient 1 (Confidence: 0.8)
[ACmK Training] Learned from clinical observation: threshold for patient 1 (Confidence: 0.95)
[ACmK Training] Learned from clinical observation: pattern for patient 1 (Confidence: 0.8)
[ACmK Training] Learned from clinical observation: threshold for patient 1 (Confidence: 0.95)
[ACmK Training] Learned from clinical observation: pattern for patient 1 (Confidence: 0.8)
[ACmK Training] Learned from clinical observation: threshold for patient 1 (Confidence: 0.95)
[ACmK Training] Learned from clinical observation: pattern for patient 1 (Confidence: 0.8)
[ACmK Training] Learned from clinical observation: threshold for patient 1 (Confidence: 0.95)
[ACmK Training] Learned from clinical observation: pattern for patient 1 (Confidence: 0.8)
[ACmK Training] Learned from clinical observation: threshold for patient 1 (Confidence: 0.95)
[ACmK Training] Learned from clinical observation: pattern for patient 1 (Confidence: 0.8)
[ACmK Training] Learned from clinical observation: threshold for patient 1 (Confidence: 0.95)
[ACmK Training] Learned from clinical observation: pattern for patient 1 (Confidence: 0.8)
[ACmK Training] Learned from clinical observation: threshold for patient 1 (Confidence: 0.95)
[ACmK Training] Learned from clinical observation: pattern for patient 1 (Confidence: 0.8)
[ACmK Training] Learned from clinical observation: threshold for patient 1 (Confidence: 0.95)
[ACmK Training] Learned from clinical observation: pattern for patient 1 (Confidence: 0.8)
[ACmK Training] Learned from clinical observation: threshold for patient 1 (Confidence: 0.95)
[ACmK Training] Learned from clinical observation: pattern for patient 1 (Confidence: 0.8)
[ACmK Training] Learned from clinical observation: threshold for patient 1 (Confidence: 0.95)
[ACmK Training] Learned from clinical observation: pattern for patient 1 (Confidence: 0.8)
[ACmK Training] Learned from clinical observation: threshold for patient 1 (Confidence: 0.95)
[ACmK Training] Learned from clinical observation: pattern for patient 1 (Confidence: 0.8)
[ACmK Training] Learned from clinical observation: threshold for patient 1 (Confidence: 0.95)
[ACmK Training] Learned from clinical observation: pattern for patient 1 (Confidence: 0.8)
[ACmK Training] Learned from clinical observation: threshold for patient 1 (Confidence: 0.95)
[ACmK Training] Learned from clinical observation: pattern for patient 1 (Confidence: 0.8)
[ACmK Training] Learned from clinical observation: threshold for patient 1 (Confidence: 0.95)
[ACmK Training] Learned from clinical observation: pattern for patient 1 (Confidence: 0.8)
[ACmK Training] Learned from clinical observation: threshold for patient 1 (Confidence: 0.95)
[ACmK Training] Learned from clinical observation: pattern for patient 1 (Confidence: 0.8)
[ACmK Training] Learned from clinical observation: threshold for patient 1 (Confidence: 0.95)
[ACmK Training] Learned from clinical observation: pattern for patient 1 (Confidence: 0.8)
[ACmK Training] Learned from clinical observation: threshold for patient 1 (Confidence: 0.95)
[ACmK Training] Learned from clinical observation: pattern for patient 1 (Confidence: 0.8)
[ACmK Training] Learned from clinical observation: threshold for patient 1 (Confidence: 0.95)
[ACmK Training] Learned from clinical observation: pattern for patient 1 (Confidence: 0.8)
[ACmK Training] Learned from clinical observation: threshold for patient 1 (Confidence: 0.95)
[ACmK Training] Learned from clinical observation: pattern for patient 1 (Confidence: 0.8)
[ACmK Training] Learned from clinical observation: threshold for patient 1 (Confidence: 0.95)
[ACmK Training] Learned from clinical observation: pattern for patient 1 (Confidence: 0.8)
[ACmK Training] Learned from clinical observation: threshold for patient 1 (Confidence: 0.95)
[ACmK Training] Learned from clinical observation: pattern for patient 1 (Confidence: 0.8)
[ACmK Training] Learned from clinical observation: threshold for patient 1 (Confidence: 0.95)
[ACmK Training] Learned from clinical observation: pattern for patient 1 (Confidence: 0.8)
[ACmK Training] Learned from clinical observation: threshold for patient 1 (Confidence: 0.95)
[ACmK Training] Learned from clinical observation: pattern for patient 1 (Confidence: 0.8)
[ACmK Training] Learned from clinical observation: threshold for patient 1 (Confidence: 0.95)
[ACmK Training] Learned from clinical observation: pattern for patient 1 (Confidence: 0.8)
[ACmK Training] Learned from clinical observation: threshold for patient 1 (Confidence: 0.95)
[ACmK Training] Learned from clinical observation: pattern for patient 1 (Confidence: 0.8)
[ACmK Training] Learned from clinical observation: threshold for patient 1 (Confidence: 0.95)
[ACmK Training] Learned from clinical observation: pattern for patient 1 (Confidence: 0.8)
[ACmK Training] Learned from clinical observation: threshold for patient 1 (Confidence: 0.95)
[ACmK Training] Learned from clinical observation: pattern for patient 1 (Confidence: 0.8)
[ACmK Training] Learned from clinical observation: threshold for patient 1 (Confidence: 0.95)
[ACmK Training] Learned from clinical observation: pattern for patient 1 (Confidence: 0.8)
[ACmK Training] Learned from clinical observation: threshold for patient 1 (Confidence: 0.95)
[ACmK Training] Learned from clinical observation: pattern for patient 1 (Confidence: 0.8)
[ACmK Training] Learned from clinical observation: threshold for patient 1 (Confidence: 0.95)
[ACmK Training] Learned from clinical observation: pattern for patient 1 (Confidence: 0.8)
[ACmK Training] Learned from clinical observation: threshold for patient 1 (Confidence: 0.95)
[ACmK Training] Learned from clinical observation: pattern for patient 1 (Confidence: 0.8)
[ACmK Training] Learned from clinical observation: threshold for patient 1 (Confidence: 0.95)
[ACmK Training] Learned from clinical observation: pattern for patient 1 (Confidence: 0.8)
[ACmK Training] Learned from clinical observation: threshold for patient 1 (Confidence: 0.95)
[ACmK Training] Learned from clinical observation: pattern for patient 1 (Confidence: 0.8)
[ACmK Training] Learned from clinical observation: threshold for patient 1 (Confidence: 0.95)
[ACmK Training] Learned from clinical observation: pattern for patient 1 (Confidence: 0.8)
[ACmK Training] Learned from clinical observation: threshold for patient 1 (Confidence: 0.95)
[ACmK Training] Learned from clinical observation: pattern for patient 1 (Confidence: 0.8)
[ACmK Training] Learned from clinical observation: threshold for patient 1 (Confidence: 0.95)
[ACmK Training] Learned from clinical observation: pattern for patient 1 (Confidence: 0.8)
[ACmK Training] Learned from clinical observation: threshold for patient 1 (Confidence: 0.95)
[ACmK Training] Learned from clinical observation: pattern for patient 1 (Confidence: 0.8)
[ACmK Training] Learned from clinical observation: threshold for patient 1 (Confidence: 0.95)
[ACmK Training] Learned from clinical observation: pattern for patient 1 (Confidence: 0.8)
[ACmK Training] Learned from clinical observation: threshold for patient 1 (Confidence: 0.95)
[ACmK Training] Learned from clinical observation: pattern for patient 1 (Confidence: 0.8)
[ACmK Training] Learned from clinical observation: threshold for patient 1 (Confidence: 0.95)
[ACmK Training] Learned from clinical observation: pattern for patient 1 (Confidence: 0.8)
[ACmK Training] Learned from clinical observation: threshold for patient 1 (Confidence: 0.95)
[ACmK Training] Learned from clinical observation: pattern for patient 1 (Confidence: 0.8)
[ACmK Training] Learned from clinical observation: threshold for patient 1 (Confidence: 0.95)
[ACmK Training] Learned from clinical observation: pattern for patient 1 (Confidence: 0.8)
[ACmK Training] Learned from clinical observation: threshold for patient 1 (Confidence: 0.95)
[ACmK Training] Learned from clinical observation: pattern for patient 1 (Confidence: 0.8)
[ACmK Training] Learned from clinical observation: threshold for patient 1 (Confidence: 0.95)
[ACmK Training] Learned from clinical observation: pattern for patient 1 (Confidence: 0.8)
[ACmK Training] Learned from clinical observation: threshold for patient 1 (Confidence: 0.95)
[ACmK Training] Learned from clinical observation: pattern for patient 1 (Confidence: 0.8)
[ACmK Training] Learned from clinical observation: threshold for patient 1 (Confidence: 0.95)
[ACmK Training] Learned from clinical observation: pattern for patient 1 (Confidence: 0.8)
[ACmK Training] Learned from clinical observation: threshold for patient 1 (Confidence: 0.95)
[ACmK Training] Learned from clinical observation: pattern for patient 1 (Confidence: 0.8)
[ACmK Training] Learned from clinical observation: threshold for patient 1 (Confidence: 0.95)
[ACmK Training] Learned from clinical observation: pattern for patient 1 (Confidence: 0.8)
[ACmK Training] Learned from clinical observation: threshold for patient 1 (Confidence: 0.95)
[ACmK Training] Learned from clinical observation: pattern for patient 1 (Confidence: 0.8)
[ACmK Training] Learned from clinical observation: threshold for patient 1 (Confidence: 0.95)
[ACmK Training] Learned from clinical observation: pattern for patient 1 (Confidence: 0.8)
[ACmK Training] Learned from clinical observation: threshold for patient 1 (Confidence: 0.95)
[ACmK Training] Learned from clinical observation: pattern for patient 1 (Confidence: 0.8)
[ACmK Training] Learned from clinical observation: threshold for patient 1 (Confidence: 0.95)
[ACmK Training] Learned from clinical observation: pattern for patient 1 (Confidence: 0.8)
[ACmK Training] Learned from clinical observation: threshold for patient 1 (Confidence: 0.95)
[ACmK Training] Learned from clinical observation: pattern for patient 1 (Confidence: 0.8)
[ACmK Training] Learned from clinical observation: threshold for patient 1 (Confidence: 0.95)
[ACmK Training] Learned from clinical observation: pattern for patient 1 (Confidence: 0.8)
[ACmK Training] Learned from clinical observation: threshold for patient 1 (Confidence: 0.95)
[ACmK Training] Learned from clinical observation: pattern for patient 1 (Confidence: 0.8)
[ACmK Training] Learned from clinical observation: threshold for patient 1 (Confidence: 0.95)
[ACmK Training] Learned from clinical observation: pattern for patient 1 (Confidence: 0.8)
[ACmK Training] Learned from clinical observation: threshold for patient 1 (Confidence: 0.95)
[ACmK Training] Learned from clinical observation: pattern for patient 1 (Confidence: 0.8)
[ACmK Training] Learned from clinical observation: threshold for patient 1 (Confidence: 0.95)
[ACmK Training] Learned from clinical observation: pattern for patient 1 (Confidence: 0.8)
[ACmK Training] Learned from clinical observation: threshold for patient 1 (Confidence: 0.95)
[ACmK Training] Learned from clinical observation: pattern for patient 1 (Confidence: 0.8)
[ACmK Training] Learned from clinical observation: threshold for patient 1 (Confidence: 0.95)
[ACmK Training] Learned from clinical observation: pattern for patient 1 (Confidence: 0.8)
[ACmK Training] Learned from clinical observation: threshold for patient 1 (Confidence: 0.95)
[ACmK Training] Learned from clinical observation: pattern for patient 1 (Confidence: 0.8)
[ACmK Training] Learned from clinical observation: threshold for patient 1 (Confidence: 0.95)
[ACmK Training] Learned from clinical observation: pattern for patient 1 (Confidence: 0.8)
[ACmK Training] Learned from clinical observation: threshold for patient 1 (Confidence: 0.95)
[ACmK Training] Learned from clinical observation: pattern for patient 1 (Confidence: 0.8)
[ACmK Training] Learned from clinical observation: threshold for patient 1 (Confidence: 0.95)
[ACmK Training] Learned from clinical observation: pattern for patient 1 (Confidence: 0.8)
[ACmK Training] Learned from clinical observation: threshold for patient 1 (Confidence: 0.95)
[ACmK Training] Learned from clinical observation: pattern for patient 1 (Confidence: 0.8)
[ACmK Training] Learned from clinical observation: threshold for patient 1 (Confidence: 0.95)
[ACmK Training] Learned from clinical observation: pattern for patient 1 (Confidence: 0.8)
[ACmK Training] Learned from clinical observation: threshold for patient 1 (Confidence: 0.95)
[ACmK Training] Learned from clinical observation: pattern for patient 1 (Confidence: 0.8)
[ACmK Training] Learned from clinical observation: threshold for patient 1 (Confidence: 0.95)
[ACmK Training] Learned from clinical observation: pattern for patient 1 (Confidence: 0.8)
[ACmK Training] Learned from clinical observation: threshold for patient 1 (Confidence: 0.95)
[ACmK Training] Learned from clinical observation: pattern for patient 1 (Confidence: 0.8)
[ACmK Training] Learned from clinical observation: threshold for patient 1 (Confidence: 0.95)
[ACmK Training] Learned from clinical observation: pattern for patient 1 (Confidence: 0.8)
[ACmK Training] Learned from clinical observation: threshold for patient 1 (Confidence: 0.95)
[ACmK Training] Learned from clinical observation: pattern for patient 1 (Confidence: 0.8)
[ACmK Training] Learned from clinical observation: threshold for patient 1 (Confidence: 0.95)
[ACmK Training] Learned from clinical observation: pattern for patient 1 (Confidence: 0.8)
[ACmK Training] Learned from clinical observation: threshold for patient 1 (Confidence: 0.95)
[ACmK Training] Learned from clinical observation: pattern for patient 1 (Confidence: 0.8)
[ACmK Training] Learned from clinical observation: threshold for patient 1 (Confidence: 0.95)
[ACmK Training] Learned from clinical observation: pattern for patient 1 (Confidence: 0.8)
[ACmK Training] Learned from clinical observation: threshold for patient 1 (Confidence: 0.95)
[ACmK Training] Learned from clinical observation: pattern for patient 1 (Confidence: 0.8)
[ACmK Training] Learned from clinical observation: threshold for patient 1 (Confidence: 0.95)
[ACmK Training] Learned from clinical observation: pattern for patient 1 (Confidence: 0.8)
[ACmK Training] Learned from clinical observation: threshold for patient 1 (Confidence: 0.95)
[ACmK Training] Learned from clinical observation: pattern for patient 1 (Confidence: 0.8)
[ACmK Training] Learned from clinical observation: threshold for patient 1 (Confidence: 0.95)
[ACmK Training] Learned from clinical observation: pattern for patient 1 (Confidence: 0.8)
[ACmK Training] Learned from clinical observation: threshold for patient 1 (Confidence: 0.95)
[ACmK Training] Learned from clinical observation: pattern for patient 1 (Confidence: 0.8)
[ACmK Training] Learned from clinical observation: threshold for patient 1 (Confidence: 0.95)
[ACmK Training] Learned from clinical observation: pattern for patient 1 (Confidence: 0.8)
[ACmK Training] Learned from clinical observation: threshold for patient 1 (Confidence: 0.95)
[ACmK Training] Learned from clinical observation: pattern for patient 1 (Confidence: 0.8)
[ACmK Training] Learned from clinical observation: threshold for patient 1 (Confidence: 0.95)
[ACmK Training] Learned from clinical observation: pattern for patient 1 (Confidence: 0.8)
[ACmK Training] Learned from clinical observation: threshold for patient 1 (Confidence: 0.95)
[ACmK Training] Learned from clinical observation: pattern for patient 1 (Confidence: 0.8)
[ACmK Training] Learned from clinical observation: threshold for patient 1 (Confidence: 0.95)
[ACmK Training] Learned from clinical observation: pattern for patient 1 (Confidence: 0.8)
[ACmK Training] Learned from clinical observation: threshold for patient 1 (Confidence: 0.95)
[ACmK Training] Learned from clinical observation: pattern for patient 1 (Confidence: 0.8)
[ACmK Training] Learned from clinical observation: threshold for patient 1 (Confidence: 0.95)
[ACmK Training] Learned from clinical observation: pattern for patient 1 (Confidence: 0.8)
[ACmK Training] Learned from clinical observation: threshold for patient 1 (Confidence: 0.95)
[ACmK Training] Learned from clinical observation: pattern for patient 1 (Confidence: 0.8)
[ACmK Training] Learned from clinical observation: threshold for patient 1 (Confidence: 0.95)
[ACmK Training] Learned from clinical observation: pattern for patient 1 (Confidence: 0.8)
[ACmK Training] Learned from clinical observation: threshold for patient 1 (Confidence: 0.95)
[ACmK Training] Learned from clinical observation: pattern for patient 1 (Confidence: 0.8)
[ACmK Training] Learned from clinical observation: threshold for patient 1 (Confidence: 0.95)
[ACmK Training] Learned from clinical observation: pattern for patient 1 (Confidence: 0.8)
[ACmK Training] Learned from clinical observation: threshold for patient 1 (Confidence: 0.95)
[ACmK Training] Learned from clinical observation: pattern for patient 1 (Confidence: 0.8)
[ACmK Training] Learned from clinical observation: threshold for patient 1 (Confidence: 0.95)
[ACmK Training] Learned from clinical observation: pattern for patient 1 (Confidence: 0.8)
[ACmK Training] Learned from clinical observation: threshold for patient 1 (Confidence: 0.95)
[ACmK Training] Learned from clinical observation: pattern for patient 1 (Confidence: 0.8)
[ACmK Training] Learned from clinical observation: threshold for patient 1 (Confidence: 0.95)
[ACmK Training] Learned from clinical observation: pattern for patient 1 (Confidence: 0.8)
[ACmK Training] Learned from clinical observation: threshold for patient 1 (Confidence: 0.95)
[ACmK Training] Learned from clinical observation: pattern for patient 1 (Confidence: 0.8)
[ACmK Training] Learned from clinical observation: threshold for patient 1 (Confidence: 0.95)
[ACmK Training] Learned from clinical observation: pattern for patient 1 (Confidence: 0.8)
[ACmK Training] Learned from clinical observation: threshold for patient 1 (Confidence: 0.95)
[ACmK Training] Learned from clinical observation: pattern for patient 1 (Confidence: 0.8)
[ACmK Training] Learned from clinical observation: threshold for patient 1 (Confidence: 0.95)
[ACmK Training] Learned from clinical observation: pattern for patient 1 (Confidence: 0.8)
[ACmK Training] Learned from clinical observation: threshold for patient 1 (Confidence: 0.95)
[ACmK Training] Learned from clinical observation: pattern for patient 1 (Confidence: 0.8)
[ACmK Training] Learned from clinical observation: threshold for patient 1 (Confidence: 0.95)
[ACmK Training] Learned from clinical observation: pattern for patient 1 (Confidence: 0.8)
[ACmK Training] Learned from clinical observation: threshold for patient 1 (Confidence: 0.95)
[ACmK Training] Learned from clinical observation: pattern for patient 1 (Confidence: 0.8)
[ACmK Training] Learned from clinical observation: threshold for patient 1 (Confidence: 0.95)
[ACmK Training] Learned from clinical observation: pattern for patient 1 (Confidence: 0.8)
[ACmK Training] Learned from clinical observation: threshold for patient 1 (Confidence: 0.95)
[ACmK Training] Learned from clinical observation: pattern for patient 1 (Confidence: 0.8)
[ACmK Training] Learned from clinical observation: threshold for patient 1 (Confidence: 0.95)
[ACmK Training] Learned from clinical observation: pattern for patient 1 (Confidence: 0.8)
[ACmK Training] Learned from clinical observation: threshold for patient 1 (Confidence: 0.95)
[ACmK Training] Learned from clinical observation: pattern for patient 1 (Confidence: 0.8)
[ACmK Training] Learned from clinical observation: threshold for patient 1 (Confidence: 0.95)
[ACmK Training] Learned from clinical observation: pattern for patient 1 (Confidence: 0.8)
[ACmK Training] Learned from clinical observation: threshold for patient 1 (Confidence: 0.95)
[ACmK Training] Learned from clinical observation: pattern for patient 1 (Confidence: 0.8)
[ACmK Training] Learned from clinical observation: threshold for patient 1 (Confidence: 0.95)
[ACmK Training] Learned from clinical observation: pattern for patient 1 (Confidence: 0.8)
[ACmK Training] Learned from clinical observation: threshold for patient 1 (Confidence: 0.95)
[ACmK Training] Learned from clinical observation: pattern for patient 1 (Confidence: 0.8)
[ACmK Training] Learned from clinical observation: threshold for patient 1 (Confidence: 0.95)
[ACmK Training] Learned from clinical observation: pattern for patient 1 (Confidence: 0.8)
[ACmK Training] Learned from clinical observation: threshold for patient 1 (Confidence: 0.95)
[ACmK Training] Learned from clinical observation: pattern for patient 1 (Confidence: 0.8)
[ACmK Training] Learned from clinical observation: threshold for patient 1 (Confidence: 0.95)
[ACmK Training] Learned from clinical observation: pattern for patient 1 (Confidence: 0.8)
[ACmK Training] Learned from clinical observation: threshold for patient 1 (Confidence: 0.95)
[ACmK Training] Learned from clinical observation: pattern for patient 1 (Confidence: 0.8)
[ACmK Training] Learned from clinical observation: threshold for patient 1 (Confidence: 0.95)
[ACmK Training] Learned from clinical observation: pattern for patient 1 (Confidence: 0.8)
[ACmK Training] Learned from clinical observation: threshold for patient 1 (Confidence: 0.95)
[ACmK Training] Learned from clinical observation: pattern for patient 1 (Confidence: 0.8)
[ACmK Training] Learned from clinical observation: threshold for patient 1 (Confidence: 0.95)
[ACmK Training] Learned from clinical observation: pattern for patient 1 (Confidence: 0.8)
[ACmK Training] Learned from clinical observation: threshold for patient 1 (Confidence: 0.95)
[ACmK Training] Learned from clinical observation: pattern for patient 1 (Confidence: 0.8)
[ACmK Training] Learned from clinical observation: threshold for patient 1 (Confidence: 0.95)
[ACmK Training] Learned from clinical observation: pattern for patient 1 (Confidence: 0.8)
[ACmK Training] Learned from clinical observation: threshold for patient 1 (Confidence: 0.95)
[ACmK Training] Learned from clinical observation: pattern for patient 1 (Confidence: 0.8)
[ACmK Training] Learned from clinical observation: threshold for patient 1 (Confidence: 0.95)
[ACmK Training] Learned from clinical observation: pattern for patient 1 (Confidence: 0.8)
[ACmK Training] Learned from clinical observation: threshold for patient 1 (Confidence: 0.95)
[ACmK Training] Learned from clinical observation: pattern for patient 1 (Confidence: 0.8)
[ACmK Training] Learned from clinical observation: threshold for patient 1 (Confidence: 0.95)
[ACmK Training] Learned from clinical observation: pattern for patient 1 (Confidence: 0.8)
[ACmK Training] Learned from clinical observation: threshold for patient 1 (Confidence: 0.95)
[ACmK Training] Learned from clinical observation: pattern for patient 1 (Confidence: 0.8)
[ACmK Training] Learned from clinical observation: threshold for patient 1 (Confidence: 0.95)
[ACmK Training] Learned from clinical observation: pattern for patient 1 (Confidence: 0.8)
[ACmK Training] Learned from clinical observation: threshold for patient 1 (Confidence: 0.95)
[ACmK Training] Learned from clinical observation: pattern for patient 1 (Confidence: 0.8)
[ACmK Training] Learned from clinical observation: threshold for patient 1 (Confidence: 0.95)
[ACmK Training] Learned from clinical observation: pattern for patient 1 (Confidence: 0.8)
[ACmK Training] Learned from clinical observation: threshold for patient 1 (Confidence: 0.95)
[ACmK Training] Learned from clinical observation: pattern for patient 1 (Confidence: 0.8)
[ACmK Training] Learned from clinical observation: threshold for patient 1 (Confidence: 0.95)
[ACmK Training] Learned from clinical observation: pattern for patient 1 (Confidence: 0.8)
[ACmK Training] Learned from clinical observation: threshold for patient 1 (Confidence: 0.95)
[ACmK Training] Learned from clinical observation: pattern for patient 1 (Confidence: 0.8)
[ACmK Training] Learned from clinical observation: threshold for patient 1 (Confidence: 0.95)
[ACmK Training] Learned from clinical observation: pattern for patient 1 (Confidence: 0.8)
[ACmK Training] Learned from clinical observation: threshold for patient 1 (Confidence: 0.95)
[ACmK Training] Learned from clinical observation: pattern for patient 1 (Confidence: 0.8)
[ACmK Training] Learned from clinical observation: threshold for patient 1 (Confidence: 0.95)
[ACmK Training] Learned from clinical observation: pattern for patient 1 (Confidence: 0.8)
[ACmK Training] Learned from clinical observation: threshold for patient 1 (Confidence: 0.95)
[ACmK Training] Learned from clinical observation: pattern for patient 1 (Confidence: 0.8)
[ACmK Training] Learned from clinical observation: threshold for patient 1 (Confidence: 0.95)
[ACmK Training] Learned from clinical observation: pattern for patient 1 (Confidence: 0.8)
[ACmK Training] Learned from clinical observation: threshold for patient 1 (Confidence: 0.95)
[ACmK Training] Learned from clinical observation: pattern for patient 1 (Confidence: 0.8)
[ACmK Training] Learned from clinical observation: threshold for patient 1 (Confidence: 0.95)
[ACmK Training] Learned from clinical observation: pattern for patient 1 (Confidence: 0.8)
[ACmK Training] Learned from clinical observation: threshold for patient 1 (Confidence: 0.95)
[ACmK Training] Learned from clinical observation: pattern for patient 1 (Confidence: 0.8)
[ACmK Training] Learned from clinical observation: threshold for patient 1 (Confidence: 0.95)
[ACmK Training] Learned from clinical observation: pattern for patient 1 (Confidence: 0.8)
[ACmK Training] Learned from clinical observation: threshold for patient 1 (Confidence: 0.95)
[ACmK Training] Learned from clinical observation: pattern for patient 1 (Confidence: 0.8)
[ACmK Training] Learned from clinical observation: threshold for patient 1 (Confidence: 0.95)
[ACmK Training] Learned from clinical observation: pattern for patient 1 (Confidence: 0.8)
[ACmK Training] Learned from clinical observation: threshold for patient 1 (Confidence: 0.95)
[ACmK Training] Learned from clinical observation: pattern for patient 1 (Confidence: 0.8)
[ACmK Training] Learned from clinical observation: threshold for patient 1 (Confidence: 0.95)
[ACmK Training] Learned from clinical observation: pattern for patient 1 (Confidence: 0.8)
[ACmK Training] Learned from clinical observation: threshold for patient 1 (Confidence: 0.95)
[ACmK Training] Learned from clinical observation: pattern for patient 1 (Confidence: 0.8)
[ACmK Training] Learned from clinical observation: threshold for patient 1 (Confidence: 0.95)
[ACmK Training] Learned from clinical observation: pattern for patient 1 (Confidence: 0.8)
[ACmK Training] Learned from clinical observation: threshold for patient 1 (Confidence: 0.95)
[ACmK Training] Learned from clinical observation: pattern for patient 1 (Confidence: 0.8)
[ACmK Training] Learned from clinical observation: threshold for patient 1 (Confidence: 0.95)
[ACmK Training] Learned from clinical observation: pattern for patient 1 (Confidence: 0.8)
[ACmK Training] Learned from clinical observation: threshold for patient 1 (Confidence: 0.95)
[ACmK Training] Learned from clinical observation: pattern for patient 1 (Confidence: 0.8)
[ACmK Training] Learned from clinical observation: threshold for patient 1 (Confidence: 0.95)
[ACmK Training] Learned from clinical observation: pattern for patient 1 (Confidence: 0.8)
[ACmK Training] Learned from clinical observation: threshold for patient 1 (Confidence: 0.95)
[ACmK Training] Learned from clinical observation: pattern for patient 1 (Confidence: 0.8)
[ACmK Training] Learned from clinical observation: threshold for patient 1 (Confidence: 0.95)
[ACmK Training] Learned from clinical observation: pattern for patient 1 (Confidence: 0.8)
[ACmK Training] Learned from clinical observation: threshold for patient 1 (Confidence: 0.95)
[ACmK Training] Learned from clinical observation: pattern for patient 1 (Confidence: 0.8)
[ACmK Training] Learned from clinical observation: threshold for patient 1 (Confidence: 0.95)
[ACmK Training] Learned from clinical observation: pattern for patient 1 (Confidence: 0.8)
[ACmK Training] Learned from clinical observation: threshold for patient 1 (Confidence: 0.95)
[ACmK Training] Learned from clinical observation: pattern for patient 1 (Confidence: 0.8)
[ACmK Training] Learned from clinical observation: threshold for patient 1 (Confidence: 0.95)
[ACmK Training] Learned from clinical observation: pattern for patient 1 (Confidence: 0.8)
[ACmK Training] Learned from clinical observation: threshold for patient 1 (Confidence: 0.95)
[ACmK Training] Learned from clinical observation: pattern for patient 1 (Confidence: 0.8)
[ACmK Training] Learned from clinical observation: threshold for patient 1 (Confidence: 0.95)
[ACmK Training] Learned from clinical observation: pattern for patient 1 (Confidence: 0.8)
[ACmK Training] Learned from clinical observation: threshold for patient 1 (Confidence: 0.95)
[ACmK Training] Learned from clinical observation: pattern for patient 1 (Confidence: 0.8)
[ACmK Training] Learned from clinical observation: threshold for patient 1 (Confidence: 0.95)
[ACmK Training] Learned from clinical observation: pattern for patient 1 (Confidence: 0.8)
[ACmK Training] Learned from clinical observation: threshold for patient 1 (Confidence: 0.95)
[ACmK Training] Learned from clinical observation: pattern for patient 1 (Confidence: 0.8)
[ACmK Training] Learned from clinical observation: threshold for patient 1 (Confidence: 0.95)
[ACmK Training] Learned from clinical observation: pattern for patient 1 (Confidence: 0.8)
[ACmK Training] Learned from clinical observation: threshold for patient 1 (Confidence: 0.95)
[ACmK Training] Learned from clinical observation: pattern for patient 1 (Confidence: 0.8)
[ACmK Training] Learned from clinical observation: threshold for patient 1 (Confidence: 0.95)
[ACmK Training] Learned from clinical observation: pattern for patient 1 (Confidence: 0.8)
[ACmK Training] Learned from clinical observation: threshold for patient 1 (Confidence: 0.95)
[ACmK Training] Learned from clinical observation: pattern for patient 1 (Confidence: 0.8)
[ACmK Training] Learned from clinical observation: threshold for patient 1 (Confidence: 0.95)
[ACmK Training] Learned from clinical observation: pattern for patient 1 (Confidence: 0.8)
[ACmK Training] Learned from clinical observation: threshold for patient 1 (Confidence: 0.95)
[ACmK Training] Learned from clinical observation: pattern for patient 1 (Confidence: 0.8)
[ACmK Training] Learned from clinical observation: threshold for patient 1 (Confidence: 0.95)
[ACmK Training] Learned from clinical observation: pattern for patient 1 (Confidence: 0.8)
[ACmK Training] Learned from clinical observation: threshold for patient 1 (Confidence: 0.95)
[ACmK Training] Learned from clinical observation: pattern for patient 1 (Confidence: 0.8)
[ACmK Training] Learned from clinical observation: threshold for patient 1 (Confidence: 0.95)
[ACmK Training] Learned from clinical observation: pattern for patient 1 (Confidence: 0.8)
[ACmK Training] Learned from clinical observation: threshold for patient 1 (Confidence: 0.95)
[ACmK Training] Learned from clinical observation: pattern for patient 1 (Confidence: 0.8)
[ACmK Training] Learned from clinical observation: threshold for patient 1 (Confidence: 0.95)
[ACmK Training] Learned from clinical observation: pattern for patient 1 (Confidence: 0.8)
[ACmK Training] Learned from clinical observation: threshold for patient 1 (Confidence: 0.95)
[ACmK Training] Learned from clinical observation: pattern for patient 1 (Confidence: 0.8)
[ACmK Training] Learned from clinical observation: threshold for patient 1 (Confidence: 0.95)
[ACmK Training] Learned from clinical observation: pattern for patient 1 (Confidence: 0.8)
[ACmK Training] Learned from clinical observation: threshold for patient 1 (Confidence: 0.95)
[ACmK Training] Learned from clinical observation: pattern for patient 1 (Confidence: 0.8)
[ACmK Training] Learned from clinical observation: threshold for patient 1 (Confidence: 0.95)
[ACmK Training] Learned from clinical observation: pattern for patient 1 (Confidence: 0.8)
[ACmK Training] Learned from clinical observation: threshold for patient 1 (Confidence: 0.95)
[ACmK Training] Learned from clinical observation: pattern for patient 1 (Confidence: 0.8)
[ACmK Training] Learned from clinical observation: threshold for patient 1 (Confidence: 0.95)
[ACmK Training] Learned from clinical observation: pattern for patient 1 (Confidence: 0.8)
[ACmK Training] Learned from clinical observation: threshold for patient 1 (Confidence: 0.95)
[ACmK Training] Learned from clinical observation: pattern for patient 1 (Confidence: 0.8)
[ACmK Training] Learned from clinical observation: threshold for patient 1 (Confidence: 0.95)
[ACmK Training] Learned from clinical observation: pattern for patient 1 (Confidence: 0.8)
[ACmK Training] Learned from clinical observation: threshold for patient 1 (Confidence: 0.95)
[ACmK Training] Learned from clinical observation: pattern for patient 1 (Confidence: 0.8)
[ACmK Training] Learned from clinical observation: threshold for patient 1 (Confidence: 0.95)
[ACmK Training] Learned from clinical observation: pattern for patient 1 (Confidence: 0.8)
[ACmK Training] Learned from clinical observation: threshold for patient 1 (Confidence: 0.95)
[ACmK Training] Learned from clinical observation: pattern for patient 1 (Confidence: 0.8)
[ACmK Training] Learned from clinical observation: threshold for patient 1 (Confidence: 0.95)
[ACmK Training] Learned from clinical observation: pattern for patient 1 (Confidence: 0.8)
[ACmK Training] Learned from clinical observation: threshold for patient 1 (Confidence: 0.95)
[ACmK Training] Learned from clinical observation: pattern for patient 1 (Confidence: 0.8)
[ACmK Training] Learned from clinical observation: threshold for patient 1 (Confidence: 0.95)
[ACmK Training] Learned from clinical observation: pattern for patient 1 (Confidence: 0.8)
[ACmK Training] Learned from clinical observation: threshold for patient 1 (Confidence: 0.95)
[ACmK Training] Learned from clinical observation: pattern for patient 1 (Confidence: 0.8)
[ACmK Training] Learned from clinical observation: threshold for patient 1 (Confidence: 0.95)
[ACmK Training] Learned from clinical observation: pattern for patient 1 (Confidence: 0.8)
[ACmK Training] Learned from clinical observation: threshold for patient 1 (Confidence: 0.95)
[ACmK Training] Learned from clinical observation: pattern for patient 1 (Confidence: 0.8)
[ACmK Training] Learned from clinical observation: threshold for patient 1 (Confidence: 0.95)
[ACmK Training] Learned from clinical observation: pattern for patient 1 (Confidence: 0.8)
[ACmK Training] Learned from clinical observation: threshold for patient 1 (Confidence: 0.95)
[ACmK Training] Learned from clinical observation: pattern for patient 1 (Confidence: 0.8)
[ACmK Training] Learned from clinical observation: threshold for patient 1 (Confidence: 0.95)
[ACmK Training] Learned from clinical observation: pattern for patient 1 (Confidence: 0.8)
[ACmK Training] Learned from clinical observation: threshold for patient 1 (Confidence: 0.95)
[ACmK Training] Learned from clinical observation: pattern for patient 1 (Confidence: 0.8)
[ACmK Training] Learned from clinical observation: threshold for patient 1 (Confidence: 0.95)
[ACmK Training] Learned from clinical observation: pattern for patient 1 (Confidence: 0.8)
[ACmK Training] Learned from clinical observation: threshold for patient 1 (Confidence: 0.95)
[ACmK Training] Learned from clinical observation: pattern for patient 1 (Confidence: 0.8)
[ACmK Training] Learned from clinical observation: threshold for patient 1 (Confidence: 0.95)
[ACmK Training] Learned from clinical observation: pattern for patient 1 (Confidence: 0.8)
[ACmK Training] Learned from clinical observation: threshold for patient 1 (Confidence: 0.95)
[ACmK Training] Learned from clinical observation: pattern for patient 1 (Confidence: 0.8)
[ACmK Training] Learned from clinical observation: threshold for patient 1 (Confidence: 0.95)
[ACmK Training] Learned from clinical observation: pattern for patient 1 (Confidence: 0.8)
[ACmK Training] Learned from clinical observation: threshold for patient 1 (Confidence: 0.95)
[ACmK Training] Learned from clinical observation: pattern for patient 1 (Confidence: 0.8)
[ACmK Training] Learned from clinical observation: threshold for patient 1 (Confidence: 0.95)
[ACmK Training] Learned from clinical observation: pattern for patient 1 (Confidence: 0.8)
[ACmK Training] Learned from clinical observation: threshold for patient 1 (Confidence: 0.95)
[ACmK Training] Learned from clinical observation: pattern for patient 1 (Confidence: 0.8)
[ACmK Training] Learned from clinical observation: threshold for patient 1 (Confidence: 0.95)
[ACmK Training] Learned from clinical observation: pattern for patient 1 (Confidence: 0.8)
[ACmK Training] Learned from clinical observation: threshold for patient 1 (Confidence: 0.95)
[ACmK Training] Learned from clinical observation: pattern for patient 1 (Confidence: 0.8)
[ACmK Training] Learned from clinical observation: threshold for patient 1 (Confidence: 0.95)
[ACmK Training] Learned from clinical observation: pattern for patient 1 (Confidence: 0.8)
[ACmK Training] Learned from clinical observation: threshold for patient 1 (Confidence: 0.95)
[ACmK Training] Learned from clinical observation: pattern for patient 1 (Confidence: 0.8)
[ACmK Training] Learned from clinical observation: threshold for patient 1 (Confidence: 0.95)
[ACmK Training] Learned from clinical observation: pattern for patient 1 (Confidence: 0.8)
[ACmK Training] Learned from clinical observation: threshold for patient 1 (Confidence: 0.95)
[ACmK Training] Learned from clinical observation: pattern for patient 1 (Confidence: 0.8)
[ACmK Training] Learned from clinical observation: threshold for patient 1 (Confidence: 0.95)
[ACmK Training] Learned from clinical observation: pattern for patient 1 (Confidence: 0.8)
[ACmK Training] Learned from clinical observation: threshold for patient 1 (Confidence: 0.95)
[ACmK Training] Learned from clinical observation: pattern for patient 1 (Confidence: 0.8)
[ACmK Training] Learned from clinical observation: threshold for patient 1 (Confidence: 0.95)
[ACmK Training] Learned from clinical observation: pattern for patient 1 (Confidence: 0.8)
[ACmK Training] Learned from clinical observation: threshold for patient 1 (Confidence: 0.95)
[ACmK Training] Learned from clinical observation: pattern for patient 1 (Confidence: 0.8)
[ACmK Training] Learned from clinical observation: threshold for patient 1 (Confidence: 0.95)
[ACmK Training] Learned from clinical observation: pattern for patient 1 (Confidence: 0.8)
[ACmK Training] Learned from clinical observation: threshold for patient 1 (Confidence: 0.95)
[ACmK Training] Learned from clinical observation: pattern for patient 1 (Confidence: 0.8)
[ACmK Training] Learned from clinical observation: threshold for patient 1 (Confidence: 0.95)
[ACmK Training] Learned from clinical observation: pattern for patient 1 (Confidence: 0.8)
[ACmK Training] Learned from clinical observation: threshold for patient 1 (Confidence: 0.95)
[ACmK Training] Learned from clinical observation: pattern for patient 1 (Confidence: 0.8)
[ACmK Training] Learned from clinical observation: threshold for patient 1 (Confidence: 0.95)
[ACmK Training] Learned from clinical observation: pattern for patient 1 (Confidence: 0.8)
[ACmK Training] Learned from clinical observation: threshold for patient 1 (Confidence: 0.95)
[ACmK Training] Learned from clinical observation: pattern for patient 1 (Confidence: 0.8)
[ACmK Training] Learned from clinical observation: threshold for patient 1 (Confidence: 0.95)
[ACmK Training] Learned from clinical observation: pattern for patient 1 (Confidence: 0.8)
[ACmK Training] Learned from clinical observation: threshold for patient 1 (Confidence: 0.95)
[ACmK Training] Learned from clinical observation: pattern for patient 1 (Confidence: 0.8)
[ACmK Training] Learned from clinical observation: threshold for patient 1 (Confidence: 0.95)
[ACmK Training] Learned from clinical observation: pattern for patient 1 (Confidence: 0.8)
[ACmK Training] Learned from clinical observation: threshold for patient 1 (Confidence: 0.95)
[ACmK Training] Learned from clinical observation: pattern for patient 1 (Confidence: 0.8)
[ACmK Training] Learned from clinical observation: threshold for patient 1 (Confidence: 0.95)
[ACmK Training] Learned from clinical observation: pattern for patient 1 (Confidence: 0.8)
[ACmK Training] Learned from clinical observation: threshold for patient 1 (Confidence: 0.95)
[ACmK Training] Learned from clinical observation: pattern for patient 1 (Confidence: 0.8)
[ACmK Training] Learned from clinical observation: threshold for patient 1 (Confidence: 0.95)
[ACmK Training] Learned from clinical observation: pattern for patient 1 (Confidence: 0.8)
[ACmK Training] Learned from clinical observation: threshold for patient 1 (Confidence: 0.95)
[ACmK Training] Learned from clinical observation: pattern for patient 1 (Confidence: 0.8)
[ACmK Training] Learned from clinical observation: threshold for patient 1 (Confidence: 0.95)
[ACmK Training] Learned from clinical observation: pattern for patient 1 (Confidence: 0.8)
[ACmK Training] Learned from clinical observation: threshold for patient 1 (Confidence: 0.95)
[ACmK Training] Learned from clinical observation: pattern for patient 1 (Confidence: 0.8)
[ACmK Training] Learned from clinical observation: threshold for patient 1 (Confidence: 0.95)
[ACmK Training] Learned from clinical observation: pattern for patient 1 (Confidence: 0.8)
[ACmK Training] Learned from clinical observation: threshold for patient 1 (Confidence: 0.95)
[ACmK Training] Learned from clinical observation: pattern for patient 1 (Confidence: 0.8)
[ACmK Training] Learned from clinical observation: threshold for patient 1 (Confidence: 0.95)
[ACmK Training] Learned from clinical observation: pattern for patient 1 (Confidence: 0.8)
[ACmK Training] Learned from clinical observation: threshold for patient 1 (Confidence: 0.95)
[ACmK Training] Learned from clinical observation: pattern for patient 1 (Confidence: 0.8)
[ACmK Training] Learned from clinical observation: threshold for patient 1 (Confidence: 0.95)
[ACmK Training] Learned from clinical observation: pattern for patient 1 (Confidence: 0.8)
[ACmK Training] Learned from clinical observation: threshold for patient 1 (Confidence: 0.95)
[ACmK Training] Learned from clinical observation: pattern for patient 1 (Confidence: 0.8)
[ACmK Training] Learned from clinical observation: threshold for patient 1 (Confidence: 0.95)
[ACmK Training] Learned from clinical observation: pattern for patient 1 (Confidence: 0.8)
[ACmK Training] Learned from clinical observation: threshold for patient 1 (Confidence: 0.95)
[ACmK Training] Learned from clinical observation: pattern for patient 1 (Confidence: 0.8)
[ACmK Training] Learned from clinical observation: threshold for patient 1 (Confidence: 0.95)
[ACmK Training] Learned from clinical observation: pattern for patient 1 (Confidence: 0.8)
[ACmK Training] Learned from clinical observation: threshold for patient 1 (Confidence: 0.95)
[ACmK Training] Learned from clinical observation: pattern for patient 1 (Confidence: 0.8)
[ACmK Training] Learned from clinical observation: threshold for patient 1 (Confidence: 0.95)
[ACmK Training] Learned from clinical observation: pattern for patient 1 (Confidence: 0.8)
[ACmK Training] Learned from clinical observation: threshold for patient 1 (Confidence: 0.95)
[ACmK Training] Learned from clinical observation: pattern for patient 1 (Confidence: 0.8)
[ACmK Training] Learned from clinical observation: threshold for patient 1 (Confidence: 0.95)
[ACmK Training] Learned from clinical observation: pattern for patient 1 (Confidence: 0.8)
[ACmK Training] Learned from clinical observation: threshold for patient 1 (Confidence: 0.95)
[ACmK Training] Learned from clinical observation: pattern for patient 1 (Confidence: 0.8)
[ACmK Training] Learned from clinical observation: threshold for patient 1 (Confidence: 0.95)
[ACmK Training] Learned from clinical observation: pattern for patient 1 (Confidence: 0.8)
[ACmK Training] Learned from clinical observation: threshold for patient 1 (Confidence: 0.95)
[ACmK Training] Learned from clinical observation: pattern for patient 1 (Confidence: 0.8)
[ACmK Training] Learned from clinical observation: threshold for patient 1 (Confidence: 0.95)
[ACmK Training] Learned from clinical observation: pattern for patient 1 (Confidence: 0.8)
[ACmK Training] Learned from clinical observation: threshold for patient 1 (Confidence: 0.95)
[ACmK Training] Learned from clinical observation: pattern for patient 1 (Confidence: 0.8)
[ACmK Training] Learned from clinical observation: threshold for patient 1 (Confidence: 0.95)
[ACmK Training] Learned from clinical observation: pattern for patient 1 (Confidence: 0.8)
[ACmK Training] Learned from clinical observation: threshold for patient 1 (Confidence: 0.95)
[ACmK Training] Learned from clinical observation: pattern for patient 1 (Confidence: 0.8)
[ACmK Training] Learned from clinical observation: threshold for patient 1 (Confidence: 0.95)
[ACmK Training] Learned from clinical observation: pattern for patient 1 (Confidence: 0.8)
[ACmK Training] Learned from clinical observation: threshold for patient 1 (Confidence: 0.95)
[ACmK Training] Learned from clinical observation: pattern for patient 1 (Confidence: 0.8)
[ACmK Training] Learned from clinical observation: threshold for patient 1 (Confidence: 0.95)
[ACmK Training] Learned from clinical observation: pattern for patient 1 (Confidence: 0.8)
[ACmK Training] Learned from clinical observation: threshold for patient 1 (Confidence: 0.95)
[ACmK Training] Learned from clinical observation: pattern for patient 1 (Confidence: 0.8)
[ACmK Training] Learned from clinical observation: threshold for patient 1 (Confidence: 0.95)
[ACmK Training] Learned from clinical observation: pattern for patient 1 (Confidence: 0.8)
[ACmK Training] Learned from clinical observation: threshold for patient 1 (Confidence: 0.95)
[ACmK Training] Learned from clinical observation: pattern for patient 1 (Confidence: 0.8)
[ACmK Training] Learned from clinical observation: threshold for patient 1 (Confidence: 0.95)
[ACmK Training] Learned from clinical observation: pattern for patient 1 (Confidence: 0.8)
[ACmK Training] Learned from clinical observation: threshold for patient 1 (Confidence: 0.95)
[ACmK Training] Learned from clinical observation: pattern for patient 1 (Confidence: 0.8)
[ACmK Training] Learned from clinical observation: threshold for patient 1 (Confidence: 0.95)
[ACmK Training] Learned from clinical observation: pattern for patient 1 (Confidence: 0.8)
[ACmK Training] Learned from clinical observation: threshold for patient 1 (Confidence: 0.95)
[ACmK Training] Learned from clinical observation: pattern for patient 1 (Confidence: 0.8)
[ACmK Training] Learned from clinical observation: threshold for patient 1 (Confidence: 0.95)
[ACmK Training] Learned from clinical observation: pattern for patient 1 (Confidence: 0.8)
[ACmK Training] Learned from clinical observation: threshold for patient 1 (Confidence: 0.95)
[ACmK Training] Learned from clinical observation: pattern for patient 1 (Confidence: 0.8)
[ACmK Training] Learned from clinical observation: threshold for patient 1 (Confidence: 0.95)
[ACmK Training] Learned from clinical observation: pattern for patient 1 (Confidence: 0.8)
[ACmK Training] Learned from clinical observation: threshold for patient 1 (Confidence: 0.95)
[ACmK Training] Learned from clinical observation: pattern for patient 1 (Confidence: 0.8)
[ACmK Training] Learned from clinical observation: threshold for patient 1 (Confidence: 0.95)
[ACmK Training] Learned from clinical observation: pattern for patient 1 (Confidence: 0.8)
[ACmK Training] Learned from clinical observation: threshold for patient 1 (Confidence: 0.95)
[ACmK Training] Learned from clinical observation: pattern for patient 1 (Confidence: 0.8)
[ACmK Training] Learned from clinical observation: threshold for patient 1 (Confidence: 0.95)
[ACmK Training] Learned from clinical observation: pattern for patient 1 (Confidence: 0.8)
[ACmK Training] Learned from clinical observation: threshold for patient 1 (Confidence: 0.95)
[ACmK Training] Learned from clinical observation: pattern for patient 1 (Confidence: 0.8)
[ACmK Training] Learned from clinical observation: threshold for patient 1 (Confidence: 0.95)
[ACmK Training] Learned from clinical observation: pattern for patient 1 (Confidence: 0.8)
[ACmK Training] Learned from clinical observation: threshold for patient 1 (Confidence: 0.95)
[ACmK Training] Learned from clinical observation: pattern for patient 1 (Confidence: 0.8)
[ACmK Training] Learned from clinical observation: threshold for patient 1 (Confidence: 0.95)
[ACmK Training] Learned from clinical observation: pattern for patient 1 (Confidence: 0.8)
[ACmK Training] Learned from clinical observation: threshold for patient 1 (Confidence: 0.95)
[ACmK Training] Learned from clinical observation: pattern for patient 1 (Confidence: 0.8)
[ACmK Training] Learned from clinical observation: threshold for patient 1 (Confidence: 0.95)
[ACmK Training] Learned from clinical observation: pattern for patient 1 (Confidence: 0.8)
[ACmK Training] Learned from clinical observation: threshold for patient 1 (Confidence: 0.95)
[ACmK Training] Learned from clinical observation: pattern for patient 1 (Confidence: 0.8)
[ACmK Training] Learned from clinical observation: threshold for patient 1 (Confidence: 0.95)
[ACmK Training] Learned from clinical observation: pattern for patient 1 (Confidence: 0.8)
[ACmK Training] Learned from clinical observation: threshold for patient 1 (Confidence: 0.95)
[ACmK Training] Learned from clinical observation: pattern for patient 1 (Confidence: 0.8)
[ACmK Training] Learned from clinical observation: threshold for patient 1 (Confidence: 0.95)
[ACmK Training] Learned from clinical observation: pattern for patient 1 (Confidence: 0.8)
[ACmK Training] Learned from clinical observation: threshold for patient 1 (Confidence: 0.95)
[ACmK Training] Learned from clinical observation: pattern for patient 1 (Confidence: 0.8)
[ACmK Training] Learned from clinical observation: threshold for patient 1 (Confidence: 0.95)
[ACmK Training] Learned from clinical observation: pattern for patient 1 (Confidence: 0.8)
[ACmK Training] Learned from clinical observation: threshold for patient 1 (Confidence: 0.95)
[ACmK Training] Learned from clinical observation: pattern for patient 1 (Confidence: 0.8)
[ACmK Training] Learned from clinical observation: threshold for patient 1 (Confidence: 0.95)
[ACmK Training] Learned from clinical observation: pattern for patient 1 (Confidence: 0.8)
[ACmK Training] Learned from clinical observation: threshold for patient 1 (Confidence: 0.95)
[ACmK Training] Learned from clinical observation: pattern for patient 1 (Confidence: 0.8)
[ACmK Training] Learned from clinical observation: threshold for patient 1 (Confidence: 0.95)
[ACmK Training] Learned from clinical observation: pattern for patient 1 (Confidence: 0.8)
[ACmK Training] Learned from clinical observation: threshold for patient 1 (Confidence: 0.95)
[ACmK Training] Learned from clinical observation: pattern for patient 1 (Confidence: 0.8)
[ACmK Training] Learned from clinical observation: threshold for patient 1 (Confidence: 0.95)
[ACmK Training] Learned from clinical observation: pattern for patient 1 (Confidence: 0.8)
[ACmK Training] Learned from clinical observation: threshold for patient 1 (Confidence: 0.95)
[ACmK Training] Learned from clinical observation: pattern for patient 1 (Confidence: 0.8)
[ACmK Training] Learned from clinical observation: threshold for patient 1 (Confidence: 0.95)
[ACmK Training] Learned from clinical observation: pattern for patient 1 (Confidence: 0.8)
[ACmK Training] Learned from clinical observation: threshold for patient 1 (Confidence: 0.95)
[ACmK Training] Learned from clinical observation: pattern for patient 1 (Confidence: 0.8)
[ACmK Training] Learned from clinical observation: threshold for patient 1 (Confidence: 0.95)
[ACmK Training] Learned from clinical observation: pattern for patient 1 (Confidence: 0.8)
[ACmK Training] Learned from clinical observation: threshold for patient 1 (Confidence: 0.95)
[ACmK Training] Learned from clinical observation: pattern for patient 1 (Confidence: 0.8)
[ACmK Training] Learned from clinical observation: threshold for patient 1 (Confidence: 0.95)
[ACmK Training] Learned from clinical observation: pattern for patient 1 (Confidence: 0.8)
[ACmK Training] Learned from clinical observation: threshold for patient 1 (Confidence: 0.95)
[ACmK Training] Learned from clinical observation: pattern for patient 1 (Confidence: 0.8)
[ACmK Training] Learned from clinical observation: threshold for patient 1 (Confidence: 0.95)
[ACmK Training] Learned from clinical observation: pattern for patient 1 (Confidence: 0.8)
[ACmK Training] Learned from clinical observation: threshold for patient 1 (Confidence: 0.95)
[ACmK Training] Learned from clinical observation: pattern for patient 1 (Confidence: 0.8)
[ACmK Training] Learned from clinical observation: threshold for patient 1 (Confidence: 0.95)
[ACmK Training] Learned from clinical observation: pattern for patient 1 (Confidence: 0.8)
[ACmK Training] Learned from clinical observation: threshold for patient 1 (Confidence: 0.95)
[ACmK Training] Learned from clinical observation: pattern for patient 1 (Confidence: 0.8)
[ACmK Training] Learned from clinical observation: threshold for patient 1 (Confidence: 0.95)
[ACmK Training] Learned from clinical observation: pattern for patient 1 (Confidence: 0.8)
[ACmK Training] Learned from clinical observation: threshold for patient 1 (Confidence: 0.95)
[ACmK Training] Learned from clinical observation: pattern for patient 1 (Confidence: 0.8)
[ACmK Training] Learned from clinical observation: threshold for patient 1 (Confidence: 0.95)
[ACmK Training] Learned from clinical observation: pattern for patient 1 (Confidence: 0.8)
[ACmK Training] Learned from clinical observation: threshold for patient 1 (Confidence: 0.95)
[ACmK Training] Learned from clinical observation: pattern for patient 1 (Confidence: 0.8)
[ACmK Training] Learned from clinical observation: threshold for patient 1 (Confidence: 0.95)
[ACmK Training] Learned from clinical observation: pattern for patient 1 (Confidence: 0.8)
[ACmK Training] Learned from clinical observation: threshold for patient 1 (Confidence: 0.95)
[ACmK Training] Learned from clinical observation: pattern for patient 1 (Confidence: 0.8)
[ACmK Training] Learned from clinical observation: threshold for patient 1 (Confidence: 0.95)
[ACmK Training] Learned from clinical observation: pattern for patient 1 (Confidence: 0.8)
[ACmK Training] Learned from clinical observation: threshold for patient 1 (Confidence: 0.95)
[ACmK Training] Learned from clinical observation: pattern for patient 1 (Confidence: 0.8)
[ACmK Training] Learned from clinical observation: threshold for patient 1 (Confidence: 0.95)
[ACmK Training] Learned from clinical observation: pattern for patient 1 (Confidence: 0.8)
[ACmK Training] Learned from clinical observation: threshold for patient 1 (Confidence: 0.95)
[ACmK Training] Learned from clinical observation: pattern for patient 1 (Confidence: 0.8)
[ACmK Training] Learned from clinical observation: threshold for patient 1 (Confidence: 0.95)
[ACmK Training] Learned from clinical observation: pattern for patient 1 (Confidence: 0.8)
[ACmK Training] Learned from clinical observation: threshold for patient 1 (Confidence: 0.95)
[ACmK Training] Learned from clinical observation: pattern for patient 1 (Confidence: 0.8)
[ACmK Training] Learned from clinical observation: threshold for patient 1 (Confidence: 0.95)
[ACmK Training] Learned from clinical observation: pattern for patient 1 (Confidence: 0.8)
[ACmK Training] Learned from clinical observation: threshold for patient 1 (Confidence: 0.95)
[ACmK Training] Learned from clinical observation: pattern for patient 1 (Confidence: 0.8)
[ACmK Training] Learned from clinical observation: threshold for patient 1 (Confidence: 0.95)
[ACmK Training] Learned from clinical observation: pattern for patient 1 (Confidence: 0.8)
[ACmK Training] Learned from clinical observation: threshold for patient 1 (Confidence: 0.95)
[ACmK Training] Learned from clinical observation: pattern for patient 1 (Confidence: 0.8)
[ACmK Training] Learned from clinical observation: threshold for patient 1 (Confidence: 0.95)
[ACmK Training] Learned from clinical observation: pattern for patient 1 (Confidence: 0.8)
[ACmK Training] Learned from clinical observation: threshold for patient 1 (Confidence: 0.95)
[ACmK Training] Learned from clinical observation: pattern for patient 1 (Confidence: 0.8)
[ACmK Training] Learned from clinical observation: threshold for patient 1 (Confidence: 0.95)
[ACmK Training] Learned from clinical observation: pattern for patient 1 (Confidence: 0.8)
[ACmK Training] Learned from clinical observation: threshold for patient 1 (Confidence: 0.95)
[ACmK Training] Learned from clinical observation: pattern for patient 1 (Confidence: 0.8)
[ACmK Training] Learned from clinical observation: threshold for patient 1 (Confidence: 0.95)
[ACmK Training] Learned from clinical observation: pattern for patient 1 (Confidence: 0.8)
[ACmK Training] Learned from clinical observation: threshold for patient 1 (Confidence: 0.95)
[ACmK Training] Learned from clinical observation: pattern for patient 1 (Confidence: 0.8)
[ACmK Training] Learned from clinical observation: threshold for patient 1 (Confidence: 0.95)
[ACmK Training] Learned from clinical observation: pattern for patient 1 (Confidence: 0.8)
[ACmK Training] Learned from clinical observation: threshold for patient 1 (Confidence: 0.95)
[ACmK Training] Learned from clinical observation: pattern for patient 1 (Confidence: 0.8)
[ACmK Training] Learned from clinical observation: threshold for patient 1 (Confidence: 0.95)
[ACmK Training] Learned from clinical observation: pattern for patient 1 (Confidence: 0.8)
[ACmK Training] Learned from clinical observation: threshold for patient 1 (Confidence: 0.95)
[ACmK Training] Learned from clinical observation: pattern for patient 1 (Confidence: 0.8)
[ACmK Training] Learned from clinical observation: threshold for patient 1 (Confidence: 0.95)
[ACmK Training] Learned from clinical observation: pattern for patient 1 (Confidence: 0.8)
[ACmK Training] Learned from clinical observation: threshold for patient 1 (Confidence: 0.95)
[ACmK Training] Learned from clinical observation: pattern for patient 1 (Confidence: 0.8)
[ACmK Training] Learned from clinical observation: threshold for patient 1 (Confidence: 0.95)
[ACmK Training] Learned from clinical observation: pattern for patient 1 (Confidence: 0.8)
[ACmK Training] Learned from clinical observation: threshold for patient 1 (Confidence: 0.95)
[ACmK Training] Learned from clinical observation: pattern for patient 1 (Confidence: 0.8)
[ACmK Training] Learned from clinical observation: threshold for patient 1 (Confidence: 0.95)
[ACmK Training] Learned from clinical observation: pattern for patient 1 (Confidence: 0.8)
[ACmK Training] Learned from clinical observation: threshold for patient 1 (Confidence: 0.95)
[ACmK Training] Learned from clinical observation: pattern for patient 1 (Confidence: 0.8)
[ACmK Training] Learned from clinical observation: threshold for patient 1 (Confidence: 0.95)
[ACmK Training] Learned from clinical observation: pattern for patient 1 (Confidence: 0.8)
[ACmK Training] Learned from clinical observation: threshold for patient 1 (Confidence: 0.95)
[ACmK Training] Learned from clinical observation: pattern for patient 1 (Confidence: 0.8)
[ACmK Training] Learned from clinical observation: threshold for patient 1 (Confidence: 0.95)
[ACmK Training] Learned from clinical observation: pattern for patient 1 (Confidence: 0.8)
[ACmK Training] Learned from clinical observation: threshold for patient 1 (Confidence: 0.95)
[ACmK Training] Learned from clinical observation: pattern for patient 1 (Confidence: 0.8)
[ACmK Training] Learned from clinical observation: threshold for patient 1 (Confidence: 0.95)
[ACmK Training] Learned from clinical observation: pattern for patient 1 (Confidence: 0.8)
[ACmK Training] Learned from clinical observation: threshold for patient 1 (Confidence: 0.95)
[ACmK Training] Learned from clinical observation: pattern for patient 1 (Confidence: 0.8)
[ACmK Training] Learned from clinical observation: threshold for patient 1 (Confidence: 0.95)
[ACmK Training] Learned from clinical observation: pattern for patient 1 (Confidence: 0.8)
[ACmK Training] Learned from clinical observation: threshold for patient 1 (Confidence: 0.95)
[ACmK Training] Learned from clinical observation: pattern for patient 1 (Confidence: 0.8)
[ACmK Training] Learned from clinical observation: threshold for patient 1 (Confidence: 0.95)
[ACmK Training] Learned from clinical observation: pattern for patient 1 (Confidence: 0.8)
[ACmK Training] Learned from clinical observation: threshold for patient 1 (Confidence: 0.95)
[ACmK Training] Learned from clinical observation: pattern for patient 1 (Confidence: 0.8)
[ACmK Training] Learned from clinical observation: threshold for patient 1 (Confidence: 0.95)
[ACmK Training] Learned from clinical observation: pattern for patient 1 (Confidence: 0.8)
[ACmK Training] Learned from clinical observation: threshold for patient 1 (Confidence: 0.95)
[ACmK Training] Learned from clinical observation: pattern for patient 1 (Confidence: 0.8)
[ACmK Training] Learned from clinical observation: threshold for patient 1 (Confidence: 0.95)
[ACmK Training] Learned from clinical observation: pattern for patient 1 (Confidence: 0.8)
[ACmK Training] Learned from clinical observation: threshold for patient 1 (Confidence: 0.95)
[ACmK Training] Learned from clinical observation: pattern for patient 1 (Confidence: 0.8)
[ACmK Training] Learned from clinical observation: threshold for patient 1 (Confidence: 0.95)
[ACmK Training] Learned from clinical observation: pattern for patient 1 (Confidence: 0.8)
[ACmK Training] Learned from clinical observation: threshold for patient 1 (Confidence: 0.95)
[ACmK Training] Learned from clinical observation: pattern for patient 1 (Confidence: 0.8)
[ACmK Training] Learned from clinical observation: threshold for patient 1 (Confidence: 0.95)
[ACmK Training] Learned from clinical observation: pattern for patient 1 (Confidence: 0.8)
[ACmK Training] Learned from clinical observation: threshold for patient 1 (Confidence: 0.95)
[ACmK Training] Learned from clinical observation: pattern for patient 1 (Confidence: 0.8)
[ACmK Training] Learned from clinical observation: threshold for patient 1 (Confidence: 0.95)
[ACmK Training] Learned from clinical observation: pattern for patient 1 (Confidence: 0.8)
[ACmK Training] Learned from clinical observation: threshold for patient 1 (Confidence: 0.95)
[ACmK Training] Learned from clinical observation: pattern for patient 1 (Confidence: 0.8)
[ACmK Training] Learned from clinical observation: threshold for patient 1 (Confidence: 0.95)
[ACmK Training] Learned from clinical observation: pattern for patient 1 (Confidence: 0.8)
[ACmK Training] Learned from clinical observation: threshold for patient 1 (Confidence: 0.95)
[ACmK Training] Learned from clinical observation: pattern for patient 1 (Confidence: 0.8)
[ACmK Training] Learned from clinical observation: threshold for patient 1 (Confidence: 0.95)
[ACmK Training] Learned from clinical observation: pattern for patient 1 (Confidence: 0.8)
[ACmK Training] Learned from clinical observation: threshold for patient 1 (Confidence: 0.95)
[ACmK Training] Learned from clinical observation: pattern for patient 1 (Confidence: 0.8)
[ACmK Training] Learned from clinical observation: threshold for patient 1 (Confidence: 0.95)
[ACmK Training] Learned from clinical observation: pattern for patient 1 (Confidence: 0.8)
[ACmK Training] Learned from clinical observation: threshold for patient 1 (Confidence: 0.95)
[ACmK Training] Learned from clinical observation: pattern for patient 1 (Confidence: 0.8)
[ACmK Training] Learned from clinical observation: threshold for patient 1 (Confidence: 0.95)
[ACmK Training] Learned from clinical observation: pattern for patient 1 (Confidence: 0.8)
[ACmK Training] Learned from clinical observation: threshold for patient 1 (Confidence: 0.95)
[ACmK Training] Learned from clinical observation: pattern for patient 1 (Confidence: 0.8)
[ACmK Training] Learned from clinical observation: threshold for patient 1 (Confidence: 0.95)
[ACmK Training] Learned from clinical observation: pattern for patient 1 (Confidence: 0.8)
[ACmK Training] Learned from clinical observation: threshold for patient 1 (Confidence: 0.95)
[ACmK Training] Learned from clinical observation: pattern for patient 1 (Confidence: 0.8)
[ACmK Training] Learned from clinical observation: threshold for patient 1 (Confidence: 0.95)
[ACmK Training] Learned from clinical observation: pattern for patient 1 (Confidence: 0.8)
[ACmK Training] Learned from clinical observation: threshold for patient 1 (Confidence: 0.95)
[ACmK Training] Learned from clinical observation: pattern for patient 1 (Confidence: 0.8)
[ACmK Training] Learned from clinical observation: threshold for patient 1 (Confidence: 0.95)
[ACmK Training] Learned from clinical observation: pattern for patient 1 (Confidence: 0.8)
[ACmK Training] Learned from clinical observation: threshold for patient 1 (Confidence: 0.95)
[ACmK Training] Learned from clinical observation: pattern for patient 1 (Confidence: 0.8)
[ACmK Training] Learned from clinical observation: threshold for patient 1 (Confidence: 0.95)
[ACmK Training] Learned from clinical observation: pattern for patient 1 (Confidence: 0.8)
[ACmK Training] Learned from clinical observation: threshold for patient 1 (Confidence: 0.95)
[ACmK Training] Learned from clinical observation: pattern for patient 1 (Confidence: 0.8)
[ACmK Training] Learned from clinical observation: threshold for patient 1 (Confidence: 0.95)
[ACmK Training] Learned from clinical observation: pattern for patient 1 (Confidence: 0.8)
[ACmK Training] Learned from clinical observation: threshold for patient 1 (Confidence: 0.95)
[ACmK Training] Learned from clinical observation: pattern for patient 1 (Confidence: 0.8)
[ACmK Training] Learned from clinical observation: threshold for patient 1 (Confidence: 0.95)
[ACmK Training] Learned from clinical observation: pattern for patient 1 (Confidence: 0.8)
[ACmK Training] Learned from clinical observation: threshold for patient 1 (Confidence: 0.95)
[ACmK Training] Learned from clinical observation: pattern for patient 1 (Confidence: 0.8)
[ACmK Training] Learned from clinical observation: threshold for patient 1 (Confidence: 0.95)
[ACmK Training] Learned from clinical observation: pattern for patient 1 (Confidence: 0.8)
[ACmK Training] Learned from clinical observation: threshold for patient 1 (Confidence: 0.95)
[ACmK Training] Learned from clinical observation: pattern for patient 1 (Confidence: 0.8)
[ACmK Training] Learned from clinical observation: threshold for patient 1 (Confidence: 0.95)
[ACmK Training] Learned from clinical observation: pattern for patient 1 (Confidence: 0.8)
[ACmK Training] Learned from clinical observation: threshold for patient 1 (Confidence: 0.95)
[ACmK Training] Learned from clinical observation: pattern for patient 1 (Confidence: 0.8)
[ACmK Training] Learned from clinical observation: threshold for patient 1 (Confidence: 0.95)
[ACmK Training] Learned from clinical observation: pattern for patient 1 (Confidence: 0.8)
[ACmK Training] Learned from clinical observation: threshold for patient 1 (Confidence: 0.95)
[ACmK Training] Learned from clinical observation: pattern for patient 1 (Confidence: 0.8)
[ACmK Training] Learned from clinical observation: threshold for patient 1 (Confidence: 0.95)
[ACmK Training] Learned from clinical observation: pattern for patient 1 (Confidence: 0.8)
[ACmK Training] Learned from clinical observation: threshold for patient 1 (Confidence: 0.95)
[ACmK Training] Learned from clinical observation: pattern for patient 1 (Confidence: 0.8)
[ACmK Training] Learned from clinical observation: threshold for patient 1 (Confidence: 0.95)
[ACmK Training] Learned from clinical observation: pattern for patient 1 (Confidence: 0.8)
[ACmK Training] Learned from clinical observation: threshold for patient 1 (Confidence: 0.95)
[ACmK Training] Learned from clinical observation: pattern for patient 1 (Confidence: 0.8)
[ACmK Training] Learned from clinical observation: threshold for patient 1 (Confidence: 0.95)
[ACmK Training] Learned from clinical observation: pattern for patient 1 (Confidence: 0.8)
[ACmK Training] Learned from clinical observation: threshold for patient 1 (Confidence: 0.95)
[ACmK Training] Learned from clinical observation: pattern for patient 1 (Confidence: 0.8)
[ACmK Training] Learned from clinical observation: threshold for patient 1 (Confidence: 0.95)
[ACmK Training] Learned from clinical observation: pattern for patient 1 (Confidence: 0.8)
[ACmK Training] Learned from clinical observation: threshold for patient 1 (Confidence: 0.95)
[ACmK Training] Learned from clinical observation: pattern for patient 1 (Confidence: 0.8)
[ACmK Training] Learned from clinical observation: threshold for patient 1 (Confidence: 0.95)
[ACmK Training] Learned from clinical observation: pattern for patient 1 (Confidence: 0.8)
[ACmK Training] Learned from clinical observation: threshold for patient 1 (Confidence: 0.95)
[ACmK Training] Learned from clinical observation: pattern for patient 1 (Confidence: 0.8)
[ACmK Training] Learned from clinical observation: threshold for patient 1 (Confidence: 0.95)
[ACmK Training] Learned from clinical observation: pattern for patient 1 (Confidence: 0.8)
[ACmK Training] Learned from clinical observation: threshold for patient 1 (Confidence: 0.95)
[ACmK Training] Learned from clinical observation: pattern for patient 1 (Confidence: 0.8)
[ACmK Training] Learned from clinical observation: threshold for patient 1 (Confidence: 0.95)
[ACmK Training] Learned from clinical observation: pattern for patient 1 (Confidence: 0.8)
[ACmK Training] Learned from clinical observation: threshold for patient 1 (Confidence: 0.95)
[ACmK Training] Learned from clinical observation: pattern for patient 1 (Confidence: 0.8)
[ACmK Training] Learned from clinical observation: threshold for patient 1 (Confidence: 0.95)
[ACmK Training] Learned from clinical observation: pattern for patient 1 (Confidence: 0.8)
[ACmK Training] Learned from clinical observation: threshold for patient 1 (Confidence: 0.95)
[ACmK Training] Learned from clinical observation: pattern for patient 1 (Confidence: 0.8)
[ACmK Training] Learned from clinical observation: threshold for patient 1 (Confidence: 0.95)
[ACmK Training] Learned from clinical observation: pattern for patient 1 (Confidence: 0.8)
[ACmK Training] Learned from clinical observation: threshold for patient 1 (Confidence: 0.95)
[ACmK Training] Learned from clinical observation: pattern for patient 1 (Confidence: 0.8)
[ACmK Training] Learned from clinical observation: threshold for patient 1 (Confidence: 0.95)
[ACmK Training] Learned from clinical observation: pattern for patient 1 (Confidence: 0.8)
[ACmK Training] Learned from clinical observation: threshold for patient 1 (Confidence: 0.95)
[ACmK Training] Learned from clinical observation: pattern for patient 1 (Confidence: 0.8)
[ACmK Training] Learned from clinical observation: threshold for patient 1 (Confidence: 0.95)
[ACmK Training] Learned from clinical observation: pattern for patient 1 (Confidence: 0.8)
[ACmK Training] Learned from clinical observation: threshold for patient 1 (Confidence: 0.95)
[ACmK Training] Learned from clinical observation: pattern for patient 1 (Confidence: 0.8)
[ACmK Training] Learned from clinical observation: threshold for patient 1 (Confidence: 0.95)
[ACmK Training] Learned from clinical observation: pattern for patient 1 (Confidence: 0.8)
[ACmK Training] Learned from clinical observation: threshold for patient 1 (Confidence: 0.95)
[ACmK Training] Learned from clinical observation: pattern for patient 1 (Confidence: 0.8)
[ACmK Training] Learned from clinical observation: threshold for patient 1 (Confidence: 0.95)
[ACmK Training] Learned from clinical observation: pattern for patient 1 (Confidence: 0.8)
[ACmK Training] Learned from clinical observation: threshold for patient 1 (Confidence: 0.95)
[ACmK Training] Learned from clinical observation: pattern for patient 1 (Confidence: 0.8)
[ACmK Training] Learned from clinical observation: threshold for patient 1 (Confidence: 0.95)
[ACmK Training] Learned from clinical observation: pattern for patient 1 (Confidence: 0.8)
[ACmK Training] Learned from clinical observation: threshold for patient 1 (Confidence: 0.95)
[ACmK Training] Learned from clinical observation: pattern for patient 1 (Confidence: 0.8)
[ACmK Training] Learned from clinical observation: threshold for patient 1 (Confidence: 0.95)
[ACmK Training] Learned from clinical observation: pattern for patient 1 (Confidence: 0.8)
[ACmK Training] Learned from clinical observation: threshold for patient 1 (Confidence: 0.95)
[ACmK Training] Learned from clinical observation: pattern for patient 1 (Confidence: 0.8)
[ACmK Training] Learned from clinical observation: threshold for patient 1 (Confidence: 0.95)
[ACmK Training] Learned from clinical observation: pattern for patient 1 (Confidence: 0.8)
[ACmK Training] Learned from clinical observation: threshold for patient 1 (Confidence: 0.95)
[ACmK Training] Learned from clinical observation: pattern for patient 1 (Confidence: 0.8)
[ACmK Training] Learned from clinical observation: threshold for patient 1 (Confidence: 0.95)
[ACmK Training] Learned from clinical observation: pattern for patient 1 (Confidence: 0.8)
[ACmK Training] Learned from clinical observation: threshold for patient 1 (Confidence: 0.95)
[ACmK Training] Learned from clinical observation: pattern for patient 1 (Confidence: 0.8)
[ACmK Training] Learned from clinical observation: threshold for patient 1 (Confidence: 0.95)
[ACmK Training] Learned from clinical observation: pattern for patient 1 (Confidence: 0.8)
[ACmK Training] Learned from clinical observation: threshold for patient 1 (Confidence: 0.95)
[ACmK Training] Learned from clinical observation: pattern for patient 1 (Confidence: 0.8)
[ACmK Training] Learned from clinical observation: threshold for patient 1 (Confidence: 0.95)
[ACmK Training] Learned from clinical observation: pattern for patient 1 (Confidence: 0.8)
[ACmK Training] Learned from clinical observation: threshold for patient 1 (Confidence: 0.95)
[ACmK Training] Learned from clinical observation: pattern for patient 1 (Confidence: 0.8)
[ACmK Training] Learned from clinical observation: threshold for patient 1 (Confidence: 0.95)
[ACmK Training] Learned from clinical observation: pattern for patient 1 (Confidence: 0.8)
[ACmK Training] Learned from clinical observation: threshold for patient 1 (Confidence: 0.95)
[ACmK Training] Learned from clinical observation: pattern for patient 1 (Confidence: 0.8)
[ACmK Training] Learned from clinical observation: threshold for patient 1 (Confidence: 0.95)
[ACmK Training] Learned from clinical observation: pattern for patient 1 (Confidence: 0.8)
[ACmK Training] Learned from clinical observation: threshold for patient 1 (Confidence: 0.95)
[ACmK Training] Learned from clinical observation: pattern for patient 1 (Confidence: 0.8)
[ACmK Training] Learned from clinical observation: threshold for patient 1 (Confidence: 0.95)
[ACmK Training] Learned from clinical observation: pattern for patient 1 (Confidence: 0.8)
[ACmK Training] Learned from clinical observation: threshold for patient 1 (Confidence: 0.95)
[ACmK Training] Learned from clinical observation: pattern for patient 1 (Confidence: 0.8)
[ACmK Training] Learned from clinical observation: threshold for patient 1 (Confidence: 0.95)
[ACmK Training] Learned from clinical observation: pattern for patient 1 (Confidence: 0.8)
[ACmK Training] Learned from clinical observation: threshold for patient 1 (Confidence: 0.95)
[ACmK Training] Learned from clinical observation: pattern for patient 1 (Confidence: 0.8)
[ACmK Training] Learned from clinical observation: threshold for patient 1 (Confidence: 0.95)
[ACmK Training] Learned from clinical observation: pattern for patient 1 (Confidence: 0.8)
[ACmK Training] Learned from clinical observation: threshold for patient 1 (Confidence: 0.95)
[ACmK Training] Learned from clinical observation: pattern for patient 1 (Confidence: 0.8)
[ACmK Training] Learned from clinical observation: threshold for patient 1 (Confidence: 0.95)
[ACmK Training] Learned from clinical observation: pattern for patient 1 (Confidence: 0.8)
[ACmK Training] Learned from clinical observation: threshold for patient 1 (Confidence: 0.95)
[ACmK Training] Learned from clinical observation: pattern for patient 1 (Confidence: 0.8)
[ACmK Training] Learned from clinical observation: threshold for patient 1 (Confidence: 0.95)
[ACmK Training] Learned from clinical observation: pattern for patient 1 (Confidence: 0.8)
[ACmK Training] Learned from clinical observation: threshold for patient 1 (Confidence: 0.95)
[ACmK Training] Learned from clinical observation: pattern for patient 1 (Confidence: 0.8)
[ACmK Training] Learned from clinical observation: threshold for patient 1 (Confidence: 0.95)
[ACmK Training] Learned from clinical observation: pattern for patient 1 (Confidence: 0.8)
[ACmK Training] Learned from clinical observation: threshold for patient 1 (Confidence: 0.95)
[ACmK Training] Learned from clinical observation: pattern for patient 1 (Confidence: 0.8)
[ACmK Training] Learned from clinical observation: threshold for patient 1 (Confidence: 0.95)
[ACmK Training] Learned from clinical observation: pattern for patient 1 (Confidence: 0.8)
[ACmK Training] Learned from clinical observation: threshold for patient 1 (Confidence: 0.95)
[ACmK Training] Learned from clinical observation: pattern for patient 1 (Confidence: 0.8)
[ACmK Training] Learned from clinical observation: threshold for patient 1 (Confidence: 0.95)
[ACmK Training] Learned from clinical observation: pattern for patient 1 (Confidence: 0.8)
[ACmK Training] Learned from clinical observation: threshold for patient 1 (Confidence: 0.95)
[ACmK Training] Learned from clinical observation: pattern for patient 1 (Confidence: 0.8)
[ACmK Training] Learned from clinical observation: threshold for patient 1 (Confidence: 0.95)
[ACmK Training] Learned from clinical observation: pattern for patient 1 (Confidence: 0.8)
[ACmK Training] Learned from clinical observation: threshold for patient 1 (Confidence: 0.95)
[ACmK Training] Learned from clinical observation: pattern for patient 1 (Confidence: 0.8)
[ACmK Training] Learned from clinical observation: threshold for patient 1 (Confidence: 0.95)
[ACmK Training] Learned from clinical observation: pattern for patient 1 (Confidence: 0.8)
[ACmK Training] Learned from clinical observation: threshold for patient 1 (Confidence: 0.95)
[ACmK Training] Learned from clinical observation: pattern for patient 1 (Confidence: 0.8)
[ACmK Training] Learned from clinical observation: threshold for patient 1 (Confidence: 0.95)
[ACmK Training] Learned from clinical observation: pattern for patient 1 (Confidence: 0.8)
[ACmK Training] Learned from clinical observation: threshold for patient 1 (Confidence: 0.95)
[ACmK Training] Learned from clinical observation: pattern for patient 1 (Confidence: 0.8)
[ACmK Training] Learned from clinical observation: threshold for patient 1 (Confidence: 0.95)
[ACmK Training] Learned from clinical observation: pattern for patient 1 (Confidence: 0.8)
[ACmK Training] Learned from clinical observation: threshold for patient 1 (Confidence: 0.95)
[ACmK Training] Learned from clinical observation: pattern for patient 1 (Confidence: 0.8)
[ACmK Training] Learned from clinical observation: threshold for patient 1 (Confidence: 0.95)
[ACmK Training] Learned from clinical observation: pattern for patient 1 (Confidence: 0.8)
[ACmK Training] Learned from clinical observation: threshold for patient 1 (Confidence: 0.95)
[ACmK Training] Learned from clinical observation: pattern for patient 1 (Confidence: 0.8)
[ACmK Training] Learned from clinical observation: threshold for patient 1 (Confidence: 0.95)
[ACmK Training] Learned from clinical observation: pattern for patient 1 (Confidence: 0.8)
[ACmK Training] Learned from clinical observation: threshold for patient 1 (Confidence: 0.95)
[ACmK Training] Learned from clinical observation: pattern for patient 1 (Confidence: 0.8)
[ACmK Training] Learned from clinical observation: threshold for patient 1 (Confidence: 0.95)
[ACmK Training] Learned from clinical observation: pattern for patient 1 (Confidence: 0.8)
[ACmK Training] Learned from clinical observation: threshold for patient 1 (Confidence: 0.95)
[ACmK Training] Learned from clinical observation: pattern for patient 1 (Confidence: 0.8)
[ACmK Training] Learned from clinical observation: threshold for patient 1 (Confidence: 0.95)
[ACmK Training] Learned from clinical observation: pattern for patient 1 (Confidence: 0.8)
[ACmK Training] Learned from clinical observation: threshold for patient 1 (Confidence: 0.95)
[ACmK Training] Learned from clinical observation: pattern for patient 1 (Confidence: 0.8)
[ACmK Training] Learned from clinical observation: threshold for patient 1 (Confidence: 0.95)
[ACmK Training] Learned from clinical observation: pattern for patient 1 (Confidence: 0.8)
[ACmK Training] Learned from clinical observation: threshold for patient 1 (Confidence: 0.95)
[ACmK Training] Learned from clinical observation: pattern for patient 1 (Confidence: 0.8)
[ACmK Training] Learned from clinical observation: threshold for patient 1 (Confidence: 0.95)
[ACmK Training] Learned from clinical observation: pattern for patient 1 (Confidence: 0.8)
[ACmK Training] Learned from clinical observation: threshold for patient 1 (Confidence: 0.95)
[ACmK Training] Learned from clinical observation: pattern for patient 1 (Confidence: 0.8)
[ACmK Training] Learned from clinical observation: threshold for patient 1 (Confidence: 0.95)
[ACmK Training] Learned from clinical observation: pattern for patient 1 (Confidence: 0.8)
[ACmK Training] Learned from clinical observation: threshold for patient 1 (Confidence: 0.95)
[ACmK Training] Learned from clinical observation: pattern for patient 1 (Confidence: 0.8)
[ACmK Training] Learned from clinical observation: threshold for patient 1 (Confidence: 0.95)
[ACmK Training] Learned from clinical observation: pattern for patient 1 (Confidence: 0.8)
[ACmK Training] Learned from clinical observation: threshold for patient 1 (Confidence: 0.95)
[ACmK Training] Learned from clinical observation: pattern for patient 1 (Confidence: 0.8)
[ACmK Training] Learned from clinical observation: threshold for patient 1 (Confidence: 0.95)
[ACmK Training] Learned from clinical observation: pattern for patient 1 (Confidence: 0.8)
[ACmK Training] Learned from clinical observation: threshold for patient 1 (Confidence: 0.95)
[ACmK Training] Learned from clinical observation: pattern for patient 1 (Confidence: 0.8)
[ACmK Training] Learned from clinical observation: threshold for patient 1 (Confidence: 0.95)
[ACmK Training] Learned from clinical observation: pattern for patient 1 (Confidence: 0.8)
[ACmK Training] Learned from clinical observation: threshold for patient 1 (Confidence: 0.95)
[ACmK Training] Learned from clinical observation: pattern for patient 1 (Confidence: 0.8)
[ACmK Training] Learned from clinical observation: threshold for patient 1 (Confidence: 0.95)
[ACmK Training] Learned from clinical observation: pattern for patient 1 (Confidence: 0.8)
[ACmK Training] Learned from clinical observation: threshold for patient 1 (Confidence: 0.95)
[ACmK Training] Learned from clinical observation: pattern for patient 1 (Confidence: 0.8)
[ACmK Training] Learned from clinical observation: threshold for patient 1 (Confidence: 0.95)
[ACmK Training] Learned from clinical observation: pattern for patient 1 (Confidence: 0.8)
[ACmK Training] Learned from clinical observation: threshold for patient 1 (Confidence: 0.95)
[ACmK Training] Learned from clinical observation: pattern for patient 1 (Confidence: 0.8)
[ACmK Training] Learned from clinical observation: threshold for patient 1 (Confidence: 0.95)
[ACmK Training] Learned from clinical observation: pattern for patient 1 (Confidence: 0.8)
[ACmK Training] Learned from clinical observation: threshold for patient 1 (Confidence: 0.95)
[ACmK Training] Learned from clinical observation: pattern for patient 1 (Confidence: 0.8)
[ACmK Training] Learned from clinical observation: threshold for patient 1 (Confidence: 0.95)
[ACmK Training] Learned from clinical observation: pattern for patient 1 (Confidence: 0.8)
[ACmK Training] Learned from clinical observation: threshold for patient 1 (Confidence: 0.95)
[ACmK Training] Learned from clinical observation: pattern for patient 1 (Confidence: 0.8)
[ACmK Training] Learned from clinical observation: threshold for patient 1 (Confidence: 0.95)
[ACmK Training] Learned from clinical observation: pattern for patient 1 (Confidence: 0.8)
[ACmK Training] Learned from clinical observation: threshold for patient 1 (Confidence: 0.95)
[ACmK Training] Learned from clinical observation: pattern for patient 1 (Confidence: 0.8)
[ACmK Training] Learned from clinical observation: threshold for patient 1 (Confidence: 0.95)
[ACmK Training] Learned from clinical observation: pattern for patient 1 (Confidence: 0.8)
[ACmK Training] Learned from clinical observation: threshold for patient 1 (Confidence: 0.95)
[ACmK Training] Learned from clinical observation: pattern for patient 1 (Confidence: 0.8)
[ACmK Training] Learned from clinical observation: threshold for patient 1 (Confidence: 0.95)
[ACmK Training] Learned from clinical observation: pattern for patient 1 (Confidence: 0.8)
[ACmK Training] Learned from clinical observation: threshold for patient 1 (Confidence: 0.95)
[ACmK Training] Learned from clinical observation: pattern for patient 1 (Confidence: 0.8)
[ACmK Training] Learned from clinical observation: threshold for patient 1 (Confidence: 0.95)
[ACmK Training] Learned from clinical observation: pattern for patient 1 (Confidence: 0.8)
[ACmK Training] Learned from clinical observation: threshold for patient 1 (Confidence: 0.95)
[ACmK Training] Learned from clinical observation: pattern for patient 1 (Confidence: 0.8)
[ACmK Training] Learned from clinical observation: threshold for patient 1 (Confidence: 0.95)
[ACmK Training] Learned from clinical observation: pattern for patient 1 (Confidence: 0.8)
[ACmK Training] Learned from clinical observation: threshold for patient 1 (Confidence: 0.95)
[ACmK Training] Learned from clinical observation: pattern for patient 1 (Confidence: 0.8)
[ACmK Training] Learned from clinical observation: threshold for patient 1 (Confidence: 0.95)
[ACmK Training] Learned from clinical observation: pattern for patient 1 (Confidence: 0.8)
[ACmK Training] Learned from clinical observation: threshold for patient 1 (Confidence: 0.95)
[ACmK Training] Learned from clinical observation: pattern for patient 1 (Confidence: 0.8)
[ACmK Training] Learned from clinical observation: threshold for patient 1 (Confidence: 0.95)
[ACmK Training] Learned from clinical observation: pattern for patient 1 (Confidence: 0.8)
[ACmK Training] Learned from clinical observation: threshold for patient 1 (Confidence: 0.95)
[ACmK Training] Learned from clinical observation: pattern for patient 1 (Confidence: 0.8)
[ACmK Training] Learned from clinical observation: threshold for patient 1 (Confidence: 0.95)
[ACmK Training] Learned from clinical observation: pattern for patient 1 (Confidence: 0.8)
[ACmK Training] Learned from clinical observation: threshold for patient 1 (Confidence: 0.95)
[ACmK Training] Learned from clinical observation: pattern for patient 1 (Confidence: 0.8)
[ACmK Training] Learned from clinical observation: threshold for patient 1 (Confidence: 0.95)
[ACmK Training] Learned from clinical observation: pattern for patient 1 (Confidence: 0.8)
[ACmK Training] Learned from clinical observation: threshold for patient 1 (Confidence: 0.95)
[ACmK Training] Learned from clinical observation: pattern for patient 1 (Confidence: 0.8)
[ACmK Training] Learned from clinical observation: threshold for patient 1 (Confidence: 0.95)
[ACmK Training] Learned from clinical observation: pattern for patient 1 (Confidence: 0.8)
[ACmK Training] Learned from clinical observation: threshold for patient 1 (Confidence: 0.95)
[ACmK Training] Learned from clinical observation: pattern for patient 1 (Confidence: 0.8)
[ACmK Training] Learned from clinical observation: threshold for patient 1 (Confidence: 0.95)
[ACmK Training] Learned from clinical observation: pattern for patient 1 (Confidence: 0.8)
[ACmK Training] Learned from clinical observation: threshold for patient 1 (Confidence: 0.95)
[ACmK Training] Learned from clinical observation: pattern for patient 1 (Confidence: 0.8)
[ACmK Training] Learned from clinical observation: threshold for patient 1 (Confidence: 0.95)
[ACmK Training] Learned from clinical observation: pattern for patient 1 (Confidence: 0.8)
[ACmK Training] Learned from clinical observation: threshold for patient 1 (Confidence: 0.95)
[ACmK Training] Learned from clinical observation: pattern for patient 1 (Confidence: 0.8)
[ACmK Training] Learned from clinical observation: threshold for patient 1 (Confidence: 0.95)
[ACmK Training] Learned from clinical observation: pattern for patient 1 (Confidence: 0.8)
[ACmK Training] Learned from clinical observation: threshold for patient 1 (Confidence: 0.95)
[ACmK Training] Learned from clinical observation: pattern for patient 1 (Confidence: 0.8)
[ACmK Training] Learned from clinical observation: threshold for patient 1 (Confidence: 0.95)
[ACmK Training] Learned from clinical observation: pattern for patient 1 (Confidence: 0.8)
[ACmK Training] Learned from clinical observation: threshold for patient 1 (Confidence: 0.95)
[ACmK Training] Learned from clinical observation: pattern for patient 1 (Confidence: 0.8)
[ACmK Training] Learned from clinical observation: threshold for patient 1 (Confidence: 0.95)
[ACmK Training] Learned from clinical observation: pattern for patient 1 (Confidence: 0.8)
[ACmK Training] Learned from clinical observation: threshold for patient 1 (Confidence: 0.95)
[ACmK Training] Learned from clinical observation: pattern for patient 1 (Confidence: 0.8)
[ACmK Training] Learned from clinical observation: threshold for patient 1 (Confidence: 0.95)
[ACmK Training] Learned from clinical observation: pattern for patient 1 (Confidence: 0.8)
[ACmK Training] Learned from clinical observation: threshold for patient 1 (Confidence: 0.95)
[ACmK Training] Learned from clinical observation: pattern for patient 1 (Confidence: 0.8)
[ACmK Training] Learned from clinical observation: threshold for patient 1 (Confidence: 0.95)
[ACmK Training] Learned from clinical observation: pattern for patient 1 (Confidence: 0.8)
[ACmK Training] Learned from clinical observation: threshold for patient 1 (Confidence: 0.95)
[ACmK Training] Learned from clinical observation: pattern for patient 1 (Confidence: 0.8)
[ACmK Training] Learned from clinical observation: threshold for patient 1 (Confidence: 0.95)
[ACmK Training] Learned from clinical observation: pattern for patient 1 (Confidence: 0.8)
[ACmK Training] Learned from clinical observation: threshold for patient 1 (Confidence: 0.95)
[ACmK Training] Learned from clinical observation: pattern for patient 1 (Confidence: 0.8)
[ACmK Training] Learned from clinical observation: threshold for patient 1 (Confidence: 0.95)
[ACmK Training] Learned from clinical observation: pattern for patient 1 (Confidence: 0.8)
[ACmK Training] Learned from clinical observation: threshold for patient 1 (Confidence: 0.95)
[ACmK Training] Learned from clinical observation: pattern for patient 1 (Confidence: 0.8)
[ACmK Training] Learned from clinical observation: threshold for patient 1 (Confidence: 0.95)
[ACmK Training] Learned from clinical observation: pattern for patient 1 (Confidence: 0.8)
[ACmK Training] Learned from clinical observation: threshold for patient 1 (Confidence: 0.95)
[ACmK Training] Learned from clinical observation: pattern for patient 1 (Confidence: 0.8)
[ACmK Training] Learned from clinical observation: threshold for patient 1 (Confidence: 0.95)
[ACmK Training] Learned from clinical observation: pattern for patient 1 (Confidence: 0.8)
[ACmK Training] Learned from clinical observation: threshold for patient 1 (Confidence: 0.95)
[ACmK Training] Learned from clinical observation: pattern for patient 1 (Confidence: 0.8)
[ACmK Training] Learned from clinical observation: threshold for patient 1 (Confidence: 0.95)
[ACmK Training] Learned from clinical observation: pattern for patient 1 (Confidence: 0.8)
[ACmK Training] Learned from clinical observation: threshold for patient 1 (Confidence: 0.95)
[ACmK Training] Learned from clinical observation: pattern for patient 1 (Confidence: 0.8)
[ACmK Training] Learned from clinical observation: threshold for patient 1 (Confidence: 0.95)
[ACmK Training] Learned from clinical observation: pattern for patient 1 (Confidence: 0.8)
[ACmK Training] Learned from clinical observation: threshold for patient 1 (Confidence: 0.95)
[ACmK Training] Learned from clinical observation: pattern for patient 1 (Confidence: 0.8)
[ACmK Training] Learned from clinical observation: threshold for patient 1 (Confidence: 0.95)
[ACmK Training] Learned from clinical observation: pattern for patient 1 (Confidence: 0.8)
[ACmK Training] Learned from clinical observation: threshold for patient 1 (Confidence: 0.95)
[ACmK Training] Learned from clinical observation: pattern for patient 1 (Confidence: 0.8)
[ACmK Training] Learned from clinical observation: threshold for patient 1 (Confidence: 0.95)
[ACmK Training] Learned from clinical observation: pattern for patient 1 (Confidence: 0.8)
[ACmK Training] Learned from clinical observation: threshold for patient 1 (Confidence: 0.95)
[ACmK Training] Learned from clinical observation: pattern for patient 1 (Confidence: 0.8)
[ACmK Training] Learned from clinical observation: threshold for patient 1 (Confidence: 0.95)
[ACmK Training] Learned from clinical observation: pattern for patient 1 (Confidence: 0.8)
[ACmK Training] Learned from clinical observation: threshold for patient 1 (Confidence: 0.95)
[ACmK Training] Learned from clinical observation: pattern for patient 1 (Confidence: 0.8)
[ACmK Training] Learned from clinical observation: threshold for patient 1 (Confidence: 0.95)
[ACmK Training] Learned from clinical observation: pattern for patient 1 (Confidence: 0.8)
[ACmK Training] Learned from clinical observation: threshold for patient 1 (Confidence: 0.95)
[ACmK Training] Learned from clinical observation: pattern for patient 1 (Confidence: 0.8)
[ACmK Training] Learned from clinical observation: threshold for patient 1 (Confidence: 0.95)
[ACmK Training] Learned from clinical observation: pattern for patient 1 (Confidence: 0.8)
[ACmK Training] Learned from clinical observation: threshold for patient 1 (Confidence: 0.95)
[ACmK Training] Learned from clinical observation: pattern for patient 1 (Confidence: 0.8)
[ACmK Training] Learned from clinical observation: threshold for patient 1 (Confidence: 0.95)
[ACmK Training] Learned from clinical observation: pattern for patient 1 (Confidence: 0.8)
[ACmK Training] Learned from clinical observation: threshold for patient 1 (Confidence: 0.95)
[ACmK Training] Learned from clinical observation: pattern for patient 1 (Confidence: 0.8)
[ACmK Training] Learned from clinical observation: threshold for patient 1 (Confidence: 0.95)
[ACmK Training] Learned from clinical observation: pattern for patient 1 (Confidence: 0.8)
[ACmK Training] Learned from clinical observation: threshold for patient 1 (Confidence: 0.95)
[ACmK Training] Learned from clinical observation: pattern for patient 1 (Confidence: 0.8)
[ACmK Training] Learned from clinical observation: threshold for patient 1 (Confidence: 0.95)
[ACmK Training] Learned from clinical observation: pattern for patient 1 (Confidence: 0.8)
[ACmK Training] Learned from clinical observation: threshold for patient 1 (Confidence: 0.95)
[ACmK Training] Learned from clinical observation: pattern for patient 1 (Confidence: 0.8)
[ACmK Training] Learned from clinical observation: threshold for patient 1 (Confidence: 0.95)
[ACmK Training] Learned from clinical observation: pattern for patient 1 (Confidence: 0.8)
[ACmK Training] Learned from clinical observation: threshold for patient 1 (Confidence: 0.95)
[ACmK Training] Learned from clinical observation: pattern for patient 1 (Confidence: 0.8)
[ACmK Training] Learned from clinical observation: threshold for patient 1 (Confidence: 0.95)
[ACmK Training] Learned from clinical observation: pattern for patient 1 (Confidence: 0.8)
[ACmK Training] Learned from clinical observation: threshold for patient 1 (Confidence: 0.95)
[ACmK Training] Learned from clinical observation: pattern for patient 1 (Confidence: 0.8)
[ACmK Training] Learned from clinical observation: threshold for patient 1 (Confidence: 0.95)
[ACmK Training] Learned from clinical observation: pattern for patient 1 (Confidence: 0.8)
[ACmK Training] Learned from clinical observation: threshold for patient 1 (Confidence: 0.95)
[ACmK Training] Learned from clinical observation: pattern for patient 1 (Confidence: 0.8)
[ACmK Training] Learned from clinical observation: threshold for patient 1 (Confidence: 0.95)
[ACmK Training] Learned from clinical observation: pattern for patient 1 (Confidence: 0.8)
[ACmK Training] Learned from clinical observation: threshold for patient 1 (Confidence: 0.95)
[ACmK Training] Learned from clinical observation: pattern for patient 1 (Confidence: 0.8)
[ACmK Training] Learned from clinical observation: threshold for patient 1 (Confidence: 0.95)
[ACmK Training] Learned from clinical observation: pattern for patient 1 (Confidence: 0.8)
[ACmK Training] Learned from clinical observation: threshold for patient 1 (Confidence: 0.95)
[ACmK Training] Learned from clinical observation: pattern for patient 1 (Confidence: 0.8)
[ACmK Training] Learned from clinical observation: threshold for patient 1 (Confidence: 0.95)
[ACmK Training] Learned from clinical observation: pattern for patient 1 (Confidence: 0.8)
[ACmK Training] Learned from clinical observation: threshold for patient 1 (Confidence: 0.95)
[ACmK Training] Learned from clinical observation: pattern for patient 1 (Confidence: 0.8)
[ACmK Training] Learned from clinical observation: threshold for patient 1 (Confidence: 0.95)
[ACmK Training] Learned from clinical observation: pattern for patient 1 (Confidence: 0.8)
[ACmK Training] Learned from clinical observation: threshold for patient 1 (Confidence: 0.95)
[ACmK Training] Learned from clinical observation: pattern for patient 1 (Confidence: 0.8)
[ACmK Training] Learned from clinical observation: threshold for patient 1 (Confidence: 0.95)
[ACmK Training] Learned from clinical observation: pattern for patient 1 (Confidence: 0.8)
[ACmK Training] Learned from clinical observation: threshold for patient 1 (Confidence: 0.95)
[ACmK Training] Learned from clinical observation: pattern for patient 1 (Confidence: 0.8)
[ACmK Training] Learned from clinical observation: threshold for patient 1 (Confidence: 0.95)
[ACmK Training] Learned from clinical observation: pattern for patient 1 (Confidence: 0.8)
[ACmK Training] Learned from clinical observation: threshold for patient 1 (Confidence: 0.95)
[ACmK Training] Learned from clinical observation: pattern for patient 1 (Confidence: 0.8)
[ACmK Training] Learned from clinical observation: threshold for patient 1 (Confidence: 0.95)
[ACmK Training] Learned from clinical observation: pattern for patient 1 (Confidence: 0.8)
[ACmK Training] Learned from clinical observation: threshold for patient 1 (Confidence: 0.95)
[ACmK Training] Learned from clinical observation: pattern for patient 1 (Confidence: 0.8)
[ACmK Training] Learned from clinical observation: threshold for patient 1 (Confidence: 0.95)
[ACmK Training] Learned from clinical observation: pattern for patient 1 (Confidence: 0.8)
[ACmK Training] Learned from clinical observation: threshold for patient 1 (Confidence: 0.95)
[ACmK Training] Learned from clinical observation: pattern for patient 1 (Confidence: 0.8)
[ACmK Training] Learned from clinical observation: threshold for patient 1 (Confidence: 0.95)
[ACmK Training] Learned from clinical observation: pattern for patient 1 (Confidence: 0.8)
[ACmK Training] Learned from clinical observation: threshold for patient 1 (Confidence: 0.95)
[ACmK Training] Learned from clinical observation: pattern for patient 1 (Confidence: 0.8)
[ACmK Training] Learned from clinical observation: threshold for patient 1 (Confidence: 0.95)
[ACmK Training] Learned from clinical observation: pattern for patient 1 (Confidence: 0.8)
[ACmK Training] Learned from clinical observation: threshold for patient 1 (Confidence: 0.95)
[ACmK Training] Learned from clinical observation: pattern for patient 1 (Confidence: 0.8)
[ACmK Training] Learned from clinical observation: threshold for patient 1 (Confidence: 0.95)
[ACmK Training] Learned from clinical observation: pattern for patient 1 (Confidence: 0.8)
[ACmK Training] Learned from clinical observation: threshold for patient 1 (Confidence: 0.95)
[ACmK Training] Learned from clinical observation: pattern for patient 1 (Confidence: 0.8)
[ACmK Training] Learned from clinical observation: threshold for patient 1 (Confidence: 0.95)
[ACmK Training] Learned from clinical observation: pattern for patient 1 (Confidence: 0.8)
[ACmK Training] Learned from clinical observation: threshold for patient 1 (Confidence: 0.95)
[ACmK Training] Learned from clinical observation: pattern for patient 1 (Confidence: 0.8)
[ACmK Training] Learned from clinical observation: threshold for patient 1 (Confidence: 0.95)
[ACmK Training] Learned from clinical observation: pattern for patient 1 (Confidence: 0.8)
[ACmK Training] Learned from clinical observation: threshold for patient 1 (Confidence: 0.95)
[ACmK Training] Learned from clinical observation: pattern for patient 1 (Confidence: 0.8)
[ACmK Training] Learned from clinical observation: threshold for patient 1 (Confidence: 0.95)
[ACmK Training] Learned from clinical observation: pattern for patient 1 (Confidence: 0.8)
[ACmK Training] Learned from clinical observation: threshold for patient 1 (Confidence: 0.95)
[ACmK Training] Learned from clinical observation: pattern for patient 1 (Confidence: 0.8)
[ACmK Training] Learned from clinical observation: threshold for patient 1 (Confidence: 0.95)
[ACmK Training] Learned from clinical observation: pattern for patient 1 (Confidence: 0.8)
[ACmK Training] Learned from clinical observation: threshold for patient 1 (Confidence: 0.95)
[ACmK Training] Learned from clinical observation: pattern for patient 1 (Confidence: 0.8)
[ACmK Training] Learned from clinical observation: threshold for patient 1 (Confidence: 0.95)
[ACmK Training] Learned from clinical observation: pattern for patient 1 (Confidence: 0.8)
[ACmK Training] Learned from clinical observation: threshold for patient 1 (Confidence: 0.95)
[ACmK Training] Learned from clinical observation: pattern for patient 1 (Confidence: 0.8)
[ACmK Training] Learned from clinical observation: threshold for patient 1 (Confidence: 0.95)
[ACmK Training] Learned from clinical observation: pattern for patient 1 (Confidence: 0.8)
[ACmK Training] Learned from clinical observation: threshold for patient 1 (Confidence: 0.95)
[ACmK Training] Learned from clinical observation: pattern for patient 1 (Confidence: 0.8)
[ACmK Training] Learned from clinical observation: threshold for patient 1 (Confidence: 0.95)
[ACmK Training] Learned from clinical observation: pattern for patient 1 (Confidence: 0.8)
[ACmK Training] Learned from clinical observation: threshold for patient 1 (Confidence: 0.95)
[ACmK Training] Learned from clinical observation: pattern for patient 1 (Confidence: 0.8)
[ACmK Training] Learned from clinical observation: threshold for patient 1 (Confidence: 0.95)
[ACmK Training] Learned from clinical observation: pattern for patient 1 (Confidence: 0.8)
[ACmK Training] Learned from clinical observation: threshold for patient 1 (Confidence: 0.95)
[ACmK Training] Learned from clinical observation: pattern for patient 1 (Confidence: 0.8)
[ACmK Training] Learned from clinical observation: threshold for patient 1 (Confidence: 0.95)
[ACmK Training] Learned from clinical observation: pattern for patient 1 (Confidence: 0.8)
[ACmK Training] Learned from clinical observation: threshold for patient 1 (Confidence: 0.95)
[ACmK Training] Learned from clinical observation: pattern for patient 1 (Confidence: 0.8)
[ACmK Training] Learned from clinical observation: threshold for patient 1 (Confidence: 0.95)
[ACmK Training] Learned from clinical observation: pattern for patient 1 (Confidence: 0.8)
[ACmK Training] Learned from clinical observation: threshold for patient 1 (Confidence: 0.95)
[ACmK Training] Learned from clinical observation: pattern for patient 1 (Confidence: 0.8)
[ACmK Training] Learned from clinical observation: threshold for patient 1 (Confidence: 0.95)
[ACmK Training] Learned from clinical observation: pattern for patient 1 (Confidence: 0.8)
[ACmK Training] Learned from clinical observation: threshold for patient 1 (Confidence: 0.95)
[ACmK Training] Learned from clinical observation: pattern for patient 1 (Confidence: 0.8)
[ACmK Training] Learned from clinical observation: threshold for patient 1 (Confidence: 0.95)
[ACmK Training] Learned from clinical observation: pattern for patient 1 (Confidence: 0.8)
[ACmK Training] Learned from clinical observation: threshold for patient 1 (Confidence: 0.95)
[ACmK Training] Learned from clinical observation: pattern for patient 1 (Confidence: 0.8)
[ACmK Training] Learned from clinical observation: threshold for patient 1 (Confidence: 0.95)
[ACmK Training] Learned from clinical observation: pattern for patient 1 (Confidence: 0.8)
[ACmK Training] Learned from clinical observation: threshold for patient 1 (Confidence: 0.95)
[ACmK Training] Learned from clinical observation: pattern for patient 1 (Confidence: 0.8)
[ACmK Training] Learned from clinical observation: threshold for patient 1 (Confidence: 0.95)
[ACmK Training] Learned from clinical observation: pattern for patient 1 (Confidence: 0.8)
[ACmK Training] Learned from clinical observation: threshold for patient 1 (Confidence: 0.95)
[ACmK Training] Learned from clinical observation: pattern for patient 1 (Confidence: 0.8)
[ACmK Training] Learned from clinical observation: threshold for patient 1 (Confidence: 0.95)
[ACmK Training] Learned from clinical observation: pattern for patient 1 (Confidence: 0.8)
[ACmK Training] Learned from clinical observation: threshold for patient 1 (Confidence: 0.95)
[ACmK Training] Learned from clinical observation: pattern for patient 1 (Confidence: 0.8)
[ACmK Training] Learned from clinical observation: threshold for patient 1 (Confidence: 0.95)
[ACmK Training] Learned from clinical observation: pattern for patient 1 (Confidence: 0.8)
[ACmK Training] Learned from clinical observation: threshold for patient 1 (Confidence: 0.95)
[ACmK Training] Learned from clinical observation: pattern for patient 1 (Confidence: 0.8)
[ACmK Training] Learned from clinical observation: threshold for patient 1 (Confidence: 0.95)
[ACmK Training] Learned from clinical observation: pattern for patient 1 (Confidence: 0.8)
[ACmK Training] Learned from clinical observation: threshold for patient 1 (Confidence: 0.95)
[ACmK Training] Learned from clinical observation: pattern for patient 1 (Confidence: 0.8)
[ACmK Training] Learned from clinical observation: threshold for patient 1 (Confidence: 0.95)
[ACmK Training] Learned from clinical observation: pattern for patient 1 (Confidence: 0.8)
[ACmK Training] Learned from clinical observation: threshold for patient 1 (Confidence: 0.95)
[ACmK Training] Learned from clinical observation: pattern for patient 1 (Confidence: 0.8)
[ACmK Training] Learned from clinical observation: threshold for patient 1 (Confidence: 0.95)
[ACmK Training] Learned from clinical observation: pattern for patient 1 (Confidence: 0.8)
[ACmK Training] Learned from clinical observation: threshold for patient 1 (Confidence: 0.95)
[ACmK Training] Learned from clinical observation: pattern for patient 1 (Confidence: 0.8)
[ACmK Training] Learned from clinical observation: threshold for patient 1 (Confidence: 0.95)
[ACmK Training] Learned from clinical observation: pattern for patient 1 (Confidence: 0.8)
[ACmK Training] Learned from clinical observation: threshold for patient 1 (Confidence: 0.95)
[ACmK Training] Learned from clinical observation: pattern for patient 1 (Confidence: 0.8)
[ACmK Training] Learned from clinical observation: threshold for patient 1 (Confidence: 0.95)
[ACmK Training] Learned from clinical observation: pattern for patient 1 (Confidence: 0.8)
[ACmK Training] Learned from clinical observation: threshold for patient 1 (Confidence: 0.95)
[ACmK Training] Learned from clinical observation: pattern for patient 1 (Confidence: 0.8)
[ACmK Training] Learned from clinical observation: threshold for patient 1 (Confidence: 0.95)
[ACmK Training] Learned from clinical observation: pattern for patient 1 (Confidence: 0.8)
[ACmK Training] Learned from clinical observation: threshold for patient 1 (Confidence: 0.95)
[ACmK Training] Learned from clinical observation: pattern for patient 1 (Confidence: 0.8)
[ACmK Training] Learned from clinical observation: threshold for patient 1 (Confidence: 0.95)
[ACmK Training] Learned from clinical observation: pattern for patient 1 (Confidence: 0.8)
[ACmK Training] Learned from clinical observation: threshold for patient 1 (Confidence: 0.95)
[ACmK Training] Learned from clinical observation: pattern for patient 1 (Confidence: 0.8)
[ACmK Training] Learned from clinical observation: threshold for patient 1 (Confidence: 0.95)
[ACmK Training] Learned from clinical observation: pattern for patient 1 (Confidence: 0.8)
[ACmK Training] Learned from clinical observation: threshold for patient 1 (Confidence: 0.95)
[ACmK Training] Learned from clinical observation: pattern for patient 1 (Confidence: 0.8)
[ACmK Training] Learned from clinical observation: threshold for patient 1 (Confidence: 0.95)
[ACmK Training] Learned from clinical observation: pattern for patient 1 (Confidence: 0.8)
[ACmK Training] Learned from clinical observation: threshold for patient 1 (Confidence: 0.95)
[ACmK Training] Learned from clinical observation: pattern for patient 1 (Confidence: 0.8)
[ACmK Training] Learned from clinical observation: threshold for patient 1 (Confidence: 0.95)
[ACmK Training] Learned from clinical observation: pattern for patient 1 (Confidence: 0.8)
[ACmK Training] Learned from clinical observation: threshold for patient 1 (Confidence: 0.95)
[ACmK Training] Learned from clinical observation: pattern for patient 1 (Confidence: 0.8)
[ACmK Training] Learned from clinical observation: threshold for patient 1 (Confidence: 0.95)
[ACmK Training] Learned from clinical observation: pattern for patient 1 (Confidence: 0.8)
[ACmK Training] Learned from clinical observation: threshold for patient 1 (Confidence: 0.95)
[ACmK Training] Learned from clinical observation: pattern for patient 1 (Confidence: 0.8)
[ACmK Training] Learned from clinical observation: threshold for patient 1 (Confidence: 0.95)
[ACmK Training] Learned from clinical observation: pattern for patient 1 (Confidence: 0.8)
[ACmK Training] Learned from clinical observation: threshold for patient 1 (Confidence: 0.95)
[ACmK Training] Learned from clinical observation: pattern for patient 1 (Confidence: 0.8)
[ACmK Training] Learned from clinical observation: threshold for patient 1 (Confidence: 0.95)
[ACmK Training] Learned from clinical observation: pattern for patient 1 (Confidence: 0.8)
[ACmK Training] Learned from clinical observation: threshold for patient 1 (Confidence: 0.95)
[ACmK Training] Learned from clinical observation: pattern for patient 1 (Confidence: 0.8)
[ACmK Training] Learned from clinical observation: threshold for patient 1 (Confidence: 0.95)
[ACmK Training] Learned from clinical observation: pattern for patient 1 (Confidence: 0.8)
[ACmK Training] Learned from clinical observation: threshold for patient 1 (Confidence: 0.95)
[ACmK Training] Learned from clinical observation: pattern for patient 1 (Confidence: 0.8)
[ACmK Training] Learned from clinical observation: threshold for patient 1 (Confidence: 0.95)
[ACmK Training] Learned from clinical observation: pattern for patient 1 (Confidence: 0.8)
[ACmK Training] Learned from clinical observation: threshold for patient 1 (Confidence: 0.95)
[ACmK Training] Learned from clinical observation: pattern for patient 1 (Confidence: 0.8)
[ACmK Training] Learned from clinical observation: threshold for patient 1 (Confidence: 0.95)
[ACmK Training] Learned from clinical observation: pattern for patient 1 (Confidence: 0.8)
[ACmK Training] Learned from clinical observation: threshold for patient 1 (Confidence: 0.95)
[ACmK Training] Learned from clinical observation: pattern for patient 1 (Confidence: 0.8)
[ACmK Training] Learned from clinical observation: threshold for patient 1 (Confidence: 0.95)
[ACmK Training] Learned from clinical observation: pattern for patient 1 (Confidence: 0.8)
[ACmK Training] Learned from clinical observation: threshold for patient 1 (Confidence: 0.95)
[ACmK Training] Learned from clinical observation: pattern for patient 1 (Confidence: 0.8)
[ACmK Training] Learned from clinical observation: threshold for patient 1 (Confidence: 0.95)
[ACmK Training] Learned from clinical observation: pattern for patient 1 (Confidence: 0.8)
[ACmK Training] Learned from clinical observation: threshold for patient 1 (Confidence: 0.95)
[ACmK Training] Learned from clinical observation: pattern for patient 1 (Confidence: 0.8)
[ACmK Training] Learned from clinical observation: threshold for patient 1 (Confidence: 0.95)
[ACmK Training] Learned from clinical observation: pattern for patient 1 (Confidence: 0.8)
[ACmK Training] Learned from clinical observation: threshold for patient 1 (Confidence: 0.95)
[ACmK Training] Learned from clinical observation: pattern for patient 1 (Confidence: 0.8)
[ACmK Training] Learned from clinical observation: threshold for patient 1 (Confidence: 0.95)
[ACmK Training] Learned from clinical observation: pattern for patient 1 (Confidence: 0.8)
[ACmK Training] Learned from clinical observation: threshold for patient 1 (Confidence: 0.95)
[ACmK Training] Learned from clinical observation: pattern for patient 1 (Confidence: 0.8)
[ACmK Training] Learned from clinical observation: threshold for patient 1 (Confidence: 0.95)
[ACmK Training] Learned from clinical observation: pattern for patient 1 (Confidence: 0.8)
[ACmK Training] Learned from clinical observation: threshold for patient 1 (Confidence: 0.95)
[ACmK Training] Learned from clinical observation: pattern for patient 1 (Confidence: 0.8)
[ACmK Training] Learned from clinical observation: threshold for patient 1 (Confidence: 0.95)
[ACmK Training] Learned from clinical observation: pattern for patient 1 (Confidence: 0.8)
[ACmK Training] Learned from clinical observation: threshold for patient 1 (Confidence: 0.95)
[ACmK Training] Learned from clinical observation: pattern for patient 1 (Confidence: 0.8)
[ACmK Training] Learned from clinical observation: threshold for patient 1 (Confidence: 0.95)
[ACmK Training] Learned from clinical observation: pattern for patient 1 (Confidence: 0.8)
[ACmK Training] Learned from clinical observation: threshold for patient 1 (Confidence: 0.95)
[ACmK Training] Learned from clinical observation: pattern for patient 1 (Confidence: 0.8)
[ACmK Training] Learned from clinical observation: threshold for patient 1 (Confidence: 0.95)
[ACmK Training] Learned from clinical observation: pattern for patient 1 (Confidence: 0.8)
[ACmK Training] Learned from clinical observation: threshold for patient 1 (Confidence: 0.95)
[ACmK Training] Learned from clinical observation: pattern for patient 1 (Confidence: 0.8)
[ACmK Training] Learned from clinical observation: threshold for patient 1 (Confidence: 0.95)
[ACmK Training] Learned from clinical observation: pattern for patient 1 (Confidence: 0.8)
[ACmK Training] Learned from clinical observation: threshold for patient 1 (Confidence: 0.95)
[ACmK Training] Learned from clinical observation: pattern for patient 1 (Confidence: 0.8)
[ACmK Training] Learned from clinical observation: threshold for patient 1 (Confidence: 0.95)
[ACmK Training] Learned from clinical observation: pattern for patient 1 (Confidence: 0.8)
[ACmK Training] Learned from clinical observation: threshold for patient 1 (Confidence: 0.95)
[ACmK Training] Learned from clinical observation: pattern for patient 1 (Confidence: 0.8)
[ACmK Training] Learned from clinical observation: threshold for patient 1 (Confidence: 0.95)
[ACmK Training] Learned from clinical observation: pattern for patient 1 (Confidence: 0.8)
[ACmK Training] Learned from clinical observation: threshold for patient 1 (Confidence: 0.95)
[ACmK Training] Learned from clinical observation: pattern for patient 1 (Confidence: 0.8)
[ACmK Training] Learned from clinical observation: threshold for patient 1 (Confidence: 0.95)
[ACmK Training] Learned from clinical observation: pattern for patient 1 (Confidence: 0.8)
[ACmK Training] Learned from clinical observation: threshold for patient 1 (Confidence: 0.95)
[ACmK Training] Learned from clinical observation: pattern for patient 1 (Confidence: 0.8)
[ACmK Training] Learned from clinical observation: threshold for patient 1 (Confidence: 0.95)
[ACmK Training] Learned from clinical observation: pattern for patient 1 (Confidence: 0.8)
[ACmK Training] Learned from clinical observation: threshold for patient 1 (Confidence: 0.95)
[ACmK Training] Learned from clinical observation: pattern for patient 1 (Confidence: 0.8)
[ACmK Training] Learned from clinical observation: threshold for patient 1 (Confidence: 0.95)
[ACmK Training] Learned from clinical observation: pattern for patient 1 (Confidence: 0.8)
[ACmK Training] Learned from clinical observation: threshold for patient 1 (Confidence: 0.95)
[ACmK Training] Learned from clinical observation: pattern for patient 1 (Confidence: 0.8)
[ACmK Training] Learned from clinical observation: threshold for patient 1 (Confidence: 0.95)
[ACmK Training] Learned from clinical observation: pattern for patient 1 (Confidence: 0.8)
[ACmK Training] Learned from clinical observation: threshold for patient 1 (Confidence: 0.95)
[ACmK Training] Learned from clinical observation: pattern for patient 1 (Confidence: 0.8)
[ACmK Training] Learned from clinical observation: threshold for patient 1 (Confidence: 0.95)
[ACmK Training] Learned from clinical observation: pattern for patient 1 (Confidence: 0.8)
[ACmK Training] Learned from clinical observation: threshold for patient 1 (Confidence: 0.95)
[ACmK Training] Learned from clinical observation: pattern for patient 1 (Confidence: 0.8)
[ACmK Training] Learned from clinical observation: threshold for patient 1 (Confidence: 0.95)
[ACmK Training] Learned from clinical observation: pattern for patient 1 (Confidence: 0.8)
[ACmK Training] Learned from clinical observation: threshold for patient 1 (Confidence: 0.95)
[ACmK Training] Learned from clinical observation: pattern for patient 1 (Confidence: 0.8)
[ACmK Training] Learned from clinical observation: threshold for patient 1 (Confidence: 0.95)
[ACmK Training] Learned from clinical observation: pattern for patient 1 (Confidence: 0.8)
[ACmK Training] Learned from clinical observation: threshold for patient 1 (Confidence: 0.95)
[ACmK Training] Learned from clinical observation: pattern for patient 1 (Confidence: 0.8)
[ACmK Training] Learned from clinical observation: threshold for patient 1 (Confidence: 0.95)
[ACmK Training] Learned from clinical observation: pattern for patient 1 (Confidence: 0.8)
[ACmK Training] Learned from clinical observation: threshold for patient 1 (Confidence: 0.95)
[ACmK Training] Learned from clinical observation: pattern for patient 1 (Confidence: 0.8)
[ACmK Training] Learned from clinical observation: threshold for patient 1 (Confidence: 0.95)
[ACmK Training] Learned from clinical observation: pattern for patient 1 (Confidence: 0.8)
[ACmK Training] Learned from clinical observation: threshold for patient 1 (Confidence: 0.95)
[ACmK Training] Learned from clinical observation: pattern for patient 1 (Confidence: 0.8)
[ACmK Training] Learned from clinical observation: threshold for patient 1 (Confidence: 0.95)
[ACmK Training] Learned from clinical observation: pattern for patient 1 (Confidence: 0.8)
[ACmK Training] Learned from clinical observation: threshold for patient 1 (Confidence: 0.95)
[ACmK Training] Learned from clinical observation: pattern for patient 1 (Confidence: 0.8)
[ACmK Training] Learned from clinical observation: threshold for patient 1 (Confidence: 0.95)
[ACmK Training] Learned from clinical observation: pattern for patient 1 (Confidence: 0.8)
[ACmK Training] Learned from clinical observation: threshold for patient 1 (Confidence: 0.95)
[ACmK Training] Learned from clinical observation: pattern for patient 1 (Confidence: 0.8)
[ACmK Training] Learned from clinical observation: threshold for patient 1 (Confidence: 0.95)
[ACmK Training] Learned from clinical observation: pattern for patient 1 (Confidence: 0.8)
[ACmK Training] Learned from clinical observation: threshold for patient 1 (Confidence: 0.95)
[ACmK Training] Learned from clinical observation: pattern for patient 1 (Confidence: 0.8)
[ACmK Training] Learned from clinical observation: threshold for patient 1 (Confidence: 0.95)
[ACmK Training] Learned from clinical observation: pattern for patient 1 (Confidence: 0.8)
[ACmK Training] Learned from clinical observation: threshold for patient 1 (Confidence: 0.95)
[ACmK Training] Learned from clinical observation: pattern for patient 1 (Confidence: 0.8)
[ACmK Training] Learned from clinical observation: threshold for patient 1 (Confidence: 0.95)
[ACmK Training] Learned from clinical observation: pattern for patient 1 (Confidence: 0.8)
[ACmK Training] Learned from clinical observation: threshold for patient 1 (Confidence: 0.95)
[ACmK Training] Learned from clinical observation: pattern for patient 1 (Confidence: 0.8)
[ACmK Training] Learned from clinical observation: threshold for patient 1 (Confidence: 0.95)
[ACmK Training] Learned from clinical observation: pattern for patient 1 (Confidence: 0.8)
[ACmK Training] Learned from clinical observation: threshold for patient 1 (Confidence: 0.95)
[ACmK Training] Learned from clinical observation: pattern for patient 1 (Confidence: 0.8)
[ACmK Training] Learned from clinical observation: threshold for patient 1 (Confidence: 0.95)
[ACmK Training] Learned from clinical observation: pattern for patient 1 (Confidence: 0.8)
[ACmK Training] Learned from clinical observation: threshold for patient 1 (Confidence: 0.95)
[ACmK Training] Learned from clinical observation: pattern for patient 1 (Confidence: 0.8)
[ACmK Training] Learned from clinical observation: threshold for patient 1 (Confidence: 0.95)
[ACmK Training] Learned from clinical observation: pattern for patient 1 (Confidence: 0.8)
[ACmK Training] Learned from clinical observation: threshold for patient 1 (Confidence: 0.95)
[ACmK Training] Learned from clinical observation: pattern for patient 1 (Confidence: 0.8)
[ACmK Training] Learned from clinical observation: threshold for patient 1 (Confidence: 0.95)
[ACmK Training] Learned from clinical observation: pattern for patient 1 (Confidence: 0.8)
[ACmK Training] Learned from clinical observation: threshold for patient 1 (Confidence: 0.95)
[ACmK Training] Learned from clinical observation: pattern for patient 1 (Confidence: 0.8)
[ACmK Training] Learned from clinical observation: threshold for patient 1 (Confidence: 0.95)
[ACmK Training] Learned from clinical observation: pattern for patient 1 (Confidence: 0.8)
[ACmK Training] Learned from clinical observation: threshold for patient 1 (Confidence: 0.95)
[ACmK Training] Learned from clinical observation: pattern for patient 1 (Confidence: 0.8)
[ACmK Training] Learned from clinical observation: threshold for patient 1 (Confidence: 0.95)
[ACmK Training] Learned from clinical observation: pattern for patient 1 (Confidence: 0.8)
[ACmK Training] Learned from clinical observation: threshold for patient 1 (Confidence: 0.95)
[ACmK Training] Learned from clinical observation: pattern for patient 1 (Confidence: 0.8)
[ACmK Training] Learned from clinical observation: threshold for patient 1 (Confidence: 0.95)
[ACmK Training] Learned from clinical observation: pattern for patient 1 (Confidence: 0.8)
[ACmK Training] Learned from clinical observation: threshold for patient 1 (Confidence: 0.95)
[ACmK Training] Learned from clinical observation: pattern for patient 1 (Confidence: 0.8)
[ACmK Training] Learned from clinical observation: threshold for patient 1 (Confidence: 0.95)
[ACmK Training] Learned from clinical observation: pattern for patient 1 (Confidence: 0.8)
[ACmK Training] Learned from clinical observation: threshold for patient 1 (Confidence: 0.95)
[ACmK Training] Learned from clinical observation: pattern for patient 1 (Confidence: 0.8)
[ACmK Training] Learned from clinical observation: threshold for patient 1 (Confidence: 0.95)
[ACmK Training] Learned from clinical observation: pattern for patient 1 (Confidence: 0.8)
[ACmK Training] Learned from clinical observation: threshold for patient 1 (Confidence: 0.95)
[ACmK Training] Learned from clinical observation: pattern for patient 1 (Confidence: 0.8)
[ACmK Training] Learned from clinical observation: threshold for patient 1 (Confidence: 0.95)
[ACmK Training] Learned from clinical observation: pattern for patient 1 (Confidence: 0.8)
[ACmK Training] Learned from clinical observation: threshold for patient 1 (Confidence: 0.95)
[ACmK Training] Learned from clinical observation: pattern for patient 1 (Confidence: 0.8)
[ACmK Training] Learned from clinical observation: threshold for patient 1 (Confidence: 0.95)
[ACmK Training] Learned from clinical observation: pattern for patient 1 (Confidence: 0.8)
[ACmK Training] Learned from clinical observation: threshold for patient 1 (Confidence: 0.95)
[ACmK Training] Learned from clinical observation: pattern for patient 1 (Confidence: 0.8)
[ACmK Training] Learned from clinical observation: threshold for patient 1 (Confidence: 0.95)
[ACmK Training] Learned from clinical observation: pattern for patient 1 (Confidence: 0.8)
[ACmK Training] Learned from clinical observation: threshold for patient 1 (Confidence: 0.95)
[ACmK Training] Learned from clinical observation: pattern for patient 1 (Confidence: 0.8)
[ACmK Training] Learned from clinical observation: threshold for patient 1 (Confidence: 0.95)
[ACmK Training] Learned from clinical observation: pattern for patient 1 (Confidence: 0.8)
[ACmK Training] Learned from clinical observation: threshold for patient 1 (Confidence: 0.95)
[ACmK Training] Learned from clinical observation: pattern for patient 1 (Confidence: 0.8)
[ACmK Training] Learned from clinical observation: threshold for patient 1 (Confidence: 0.95)
[ACmK Training] Learned from clinical observation: pattern for patient 1 (Confidence: 0.8)
[ACmK Training] Learned from clinical observation: threshold for patient 1 (Confidence: 0.95)
[ACmK Training] Learned from clinical observation: pattern for patient 1 (Confidence: 0.8)
[ACmK Training] Learned from clinical observation: threshold for patient 1 (Confidence: 0.95)
[ACmK Training] Learned from clinical observation: pattern for patient 1 (Confidence: 0.8)
[ACmK Training] Learned from clinical observation: threshold for patient 1 (Confidence: 0.95)
[ACmK Training] Learned from clinical observation: pattern for patient 1 (Confidence: 0.8)
[ACmK Training] Learned from clinical observation: threshold for patient 1 (Confidence: 0.95)
[ACmK Training] Learned from clinical observation: pattern for patient 1 (Confidence: 0.8)
[ACmK Training] Learned from clinical observation: threshold for patient 1 (Confidence: 0.95)
[ACmK Training] Learned from clinical observation: pattern for patient 1 (Confidence: 0.8)
[ACmK Training] Learned from clinical observation: threshold for patient 1 (Confidence: 0.95)
[ACmK Training] Learned from clinical observation: pattern for patient 1 (Confidence: 0.8)
[ACmK Training] Learned from clinical observation: threshold for patient 1 (Confidence: 0.95)
[ACmK Training] Learned from clinical observation: pattern for patient 1 (Confidence: 0.8)
[ACmK Training] Learned from clinical observation: threshold for patient 1 (Confidence: 0.95)
[ACmK Training] Learned from clinical observation: pattern for patient 1 (Confidence: 0.8)
[ACmK Training] Learned from clinical observation: threshold for patient 1 (Confidence: 0.95)
[ACmK Training] Learned from clinical observation: pattern for patient 1 (Confidence: 0.8)
[ACmK Training] Learned from clinical observation: threshold for patient 1 (Confidence: 0.95)
[ACmK Training] Learned from clinical observation: pattern for patient 1 (Confidence: 0.8)
[ACmK Training] Learned from clinical observation: threshold for patient 1 (Confidence: 0.95)
[ACmK Training] Learned from clinical observation: pattern for patient 1 (Confidence: 0.8)
[ACmK Training] Learned from clinical observation: threshold for patient 1 (Confidence: 0.95)
[ACmK Training] Learned from clinical observation: pattern for patient 1 (Confidence: 0.8)
[ACmK Training] Learned from clinical observation: threshold for patient 1 (Confidence: 0.95)
[ACmK Training] Learned from clinical observation: pattern for patient 1 (Confidence: 0.8)
[ACmK Training] Learned from clinical observation: threshold for patient 1 (Confidence: 0.95)
[ACmK Training] Learned from clinical observation: pattern for patient 1 (Confidence: 0.8)
[ACmK Training] Learned from clinical observation: threshold for patient 1 (Confidence: 0.95)
[ACmK Training] Learned from clinical observation: pattern for patient 1 (Confidence: 0.8)
[ACmK Training] Learned from clinical observation: threshold for patient 1 (Confidence: 0.95)
[ACmK Training] Learned from clinical observation: pattern for patient 1 (Confidence: 0.8)
[ACmK Training] Learned from clinical observation: threshold for patient 1 (Confidence: 0.95)
[ACmK Training] Learned from clinical observation: pattern for patient 1 (Confidence: 0.8)
[ACmK Training] Learned from clinical observation: threshold for patient 1 (Confidence: 0.95)
[ACmK Training] Learned from clinical observation: pattern for patient 1 (Confidence: 0.8)
[ACmK Training] Learned from clinical observation: threshold for patient 1 (Confidence: 0.95)
[ACmK Training] Learned from clinical observation: pattern for patient 1 (Confidence: 0.8)
[ACmK Training] Learned from clinical observation: threshold for patient 1 (Confidence: 0.95)
[ACmK Training] Learned from clinical observation: pattern for patient 1 (Confidence: 0.8)
[ACmK Training] Learned from clinical observation: threshold for patient 1 (Confidence: 0.95)
[ACmK Training] Learned from clinical observation: pattern for patient 1 (Confidence: 0.8)
[ACmK Training] Learned from clinical observation: threshold for patient 1 (Confidence: 0.95)
[ACmK Training] Learned from clinical observation: pattern for patient 1 (Confidence: 0.8)
[ACmK Training] Learned from clinical observation: threshold for patient 1 (Confidence: 0.95)
[ACmK Training] Learned from clinical observation: pattern for patient 1 (Confidence: 0.8)
[ACmK Training] Learned from clinical observation: threshold for patient 1 (Confidence: 0.95)
[ACmK Training] Learned from clinical observation: pattern for patient 1 (Confidence: 0.8)
[ACmK Training] Learned from clinical observation: threshold for patient 1 (Confidence: 0.95)
[ACmK Training] Learned from clinical observation: pattern for patient 1 (Confidence: 0.8)
[ACmK Training] Learned from clinical observation: threshold for patient 1 (Confidence: 0.95)
[ACmK Training] Learned from clinical observation: pattern for patient 1 (Confidence: 0.8)
[ACmK Training] Learned from clinical observation: threshold for patient 1 (Confidence: 0.95)
[ACmK Training] Learned from clinical observation: pattern for patient 1 (Confidence: 0.8)
[ACmK Training] Learned from clinical observation: threshold for patient 1 (Confidence: 0.95)
[ACmK Training] Learned from clinical observation: pattern for patient 1 (Confidence: 0.8)
[ACmK Training] Learned from clinical observation: threshold for patient 1 (Confidence: 0.95)
[ACmK Training] Learned from clinical observation: pattern for patient 1 (Confidence: 0.8)
[ACmK Training] Learned from clinical observation: threshold for patient 1 (Confidence: 0.95)
[ACmK Training] Learned from clinical observation: pattern for patient 1 (Confidence: 0.8)
[ACmK Training] Learned from clinical observation: threshold for patient 1 (Confidence: 0.95)
[ACmK Training] Learned from clinical observation: pattern for patient 1 (Confidence: 0.8)
[ACmK Training] Learned from clinical observation: threshold for patient 1 (Confidence: 0.95)
[ACmK Training] Learned from clinical observation: pattern for patient 1 (Confidence: 0.8)
[ACmK Training] Learned from clinical observation: threshold for patient 1 (Confidence: 0.95)
[ACmK Training] Learned from clinical observation: pattern for patient 1 (Confidence: 0.8)
[ACmK Training] Learned from clinical observation: threshold for patient 1 (Confidence: 0.95)
[ACmK Training] Learned from clinical observation: pattern for patient 1 (Confidence: 0.8)
[ACmK Training] Learned from clinical observation: threshold for patient 1 (Confidence: 0.95)
[ACmK Training] Learned from clinical observation: pattern for patient 1 (Confidence: 0.8)
[ACmK Training] Learned from clinical observation: threshold for patient 1 (Confidence: 0.95)
[ACmK Training] Learned from clinical observation: pattern for patient 1 (Confidence: 0.8)
[ACmK Training] Learned from clinical observation: threshold for patient 1 (Confidence: 0.95)
[ACmK Training] Learned from clinical observation: pattern for patient 1 (Confidence: 0.8)
[ACmK Training] Learned from clinical observation: threshold for patient 1 (Confidence: 0.95)
[ACmK Training] Learned from clinical observation: pattern for patient 1 (Confidence: 0.8)
[ACmK Training] Learned from clinical observation: threshold for patient 1 (Confidence: 0.95)
[ACmK Training] Learned from clinical observation: pattern for patient 1 (Confidence: 0.8)
[ACmK Training] Learned from clinical observation: threshold for patient 1 (Confidence: 0.95)
[ACmK Training] Learned from clinical observation: pattern for patient 1 (Confidence: 0.8)
[ACmK Training] Learned from clinical observation: threshold for patient 1 (Confidence: 0.95)
[ACmK Training] Learned from clinical observation: pattern for patient 1 (Confidence: 0.8)
[ACmK Training] Learned from clinical observation: threshold for patient 1 (Confidence: 0.95)
[ACmK Training] Learned from clinical observation: pattern for patient 1 (Confidence: 0.8)
[ACmK Training] Learned from clinical observation: threshold for patient 1 (Confidence: 0.95)
[ACmK Training] Learned from clinical observation: pattern for patient 1 (Confidence: 0.8)
[ACmK Training] Learned from clinical observation: threshold for patient 1 (Confidence: 0.95)
[ACmK Training] Learned from clinical observation: pattern for patient 1 (Confidence: 0.8)
[ACmK Training] Learned from clinical observation: threshold for patient 1 (Confidence: 0.95)
[ACmK Training] Learned from clinical observation: pattern for patient 1 (Confidence: 0.8)
[ACmK Training] Learned from clinical observation: threshold for patient 1 (Confidence: 0.95)
[ACmK Training] Learned from clinical observation: pattern for patient 1 (Confidence: 0.8)
[ACmK Training] Learned from clinical observation: threshold for patient 1 (Confidence: 0.95)
[ACmK Training] Learned from clinical observation: pattern for patient 1 (Confidence: 0.8)
[ACmK Training] Learned from clinical observation: threshold for patient 1 (Confidence: 0.95)
[ACmK Training] Learned from clinical observation: pattern for patient 1 (Confidence: 0.8)
[ACmK Training] Learned from clinical observation: threshold for patient 1 (Confidence: 0.95)
[ACmK Training] Learned from clinical observation: pattern for patient 1 (Confidence: 0.8)
[ACmK Training] Learned from clinical observation: threshold for patient 1 (Confidence: 0.95)
[ACmK Training] Learned from clinical observation: pattern for patient 1 (Confidence: 0.8)
[ACmK Training] Learned from clinical observation: threshold for patient 1 (Confidence: 0.95)
[ACmK Training] Learned from clinical observation: pattern for patient 1 (Confidence: 0.8)
[ACmK Training] Learned from clinical observation: threshold for patient 1 (Confidence: 0.95)
[ACmK Training] Learned from clinical observation: pattern for patient 1 (Confidence: 0.8)
[ACmK Training] Learned from clinical observation: threshold for patient 1 (Confidence: 0.95)
[ACmK Training] Learned from clinical observation: pattern for patient 1 (Confidence: 0.8)
[ACmK Training] Learned from clinical observation: threshold for patient 1 (Confidence: 0.95)
[ACmK Training] Learned from clinical observation: pattern for patient 1 (Confidence: 0.8)
[ACmK Training] Learned from clinical observation: threshold for patient 1 (Confidence: 0.95)
[ACmK Training] Learned from clinical observation: pattern for patient 1 (Confidence: 0.8)
[ACmK Training] Learned from clinical observation: threshold for patient 1 (Confidence: 0.95)
[ACmK Training] Learned from clinical observation: pattern for patient 1 (Confidence: 0.8)
[ACmK Training] Learned from clinical observation: threshold for patient 1 (Confidence: 0.95)
[ACmK Training] Learned from clinical observation: pattern for patient 1 (Confidence: 0.8)
[ACmK Training] Learned from clinical observation: threshold for patient 1 (Confidence: 0.95)
[ACmK Training] Learned from clinical observation: pattern for patient 1 (Confidence: 0.8)
[ACmK Training] Learned from clinical observation: threshold for patient 1 (Confidence: 0.95)
[ACmK Training] Learned from clinical observation: pattern for patient 1 (Confidence: 0.8)
[ACmK Training] Learned from clinical observation: threshold for patient 1 (Confidence: 0.95)
[ACmK Training] Learned from clinical observation: pattern for patient 1 (Confidence: 0.8)
[ACmK Training] Learned from clinical observation: threshold for patient 1 (Confidence: 0.95)
[ACmK Training] Learned from clinical observation: pattern for patient 1 (Confidence: 0.8)
[ACmK Training] Learned from clinical observation: threshold for patient 1 (Confidence: 0.95)
[ACmK Training] Learned from clinical observation: pattern for patient 1 (Confidence: 0.8)
[ACmK Training] Learned from clinical observation: threshold for patient 1 (Confidence: 0.95)
[ACmK Training] Learned from clinical observation: pattern for patient 1 (Confidence: 0.8)
[ACmK Training] Learned from clinical observation: threshold for patient 1 (Confidence: 0.95)
[ACmK Training] Learned from clinical observation: pattern for patient 1 (Confidence: 0.8)
[ACmK Training] Learned from clinical observation: threshold for patient 1 (Confidence: 0.95)
[ACmK Training] Learned from clinical observation: pattern for patient 1 (Confidence: 0.8)
[ACmK Training] Learned from clinical observation: threshold for patient 1 (Confidence: 0.95)
[ACmK Training] Learned from clinical observation: pattern for patient 1 (Confidence: 0.8)
[ACmK Training] Learned from clinical observation: threshold for patient 1 (Confidence: 0.95)
[ACmK Training] Learned from clinical observation: pattern for patient 1 (Confidence: 0.8)
[ACmK Training] Learned from clinical observation: threshold for patient 1 (Confidence: 0.95)
[ACmK Training] Learned from clinical observation: pattern for patient 1 (Confidence: 0.8)
[ACmK Training] Learned from clinical observation: threshold for patient 1 (Confidence: 0.95)
[ACmK Training] Learned from clinical observation: pattern for patient 1 (Confidence: 0.8)
[ACmK Training] Learned from clinical observation: threshold for patient 1 (Confidence: 0.95)
[ACmK Training] Learned from clinical observation: pattern for patient 1 (Confidence: 0.8)
[ACmK Training] Learned from clinical observation: threshold for patient 1 (Confidence: 0.95)
[ACmK Training] Learned from clinical observation: pattern for patient 1 (Confidence: 0.8)
[ACmK Training] Learned from clinical observation: threshold for patient 1 (Confidence: 0.95)
[ACmK Training] Learned from clinical observation: pattern for patient 1 (Confidence: 0.8)
[ACmK Training] Learned from clinical observation: threshold for patient 1 (Confidence: 0.95)
[ACmK Training] Learned from clinical observation: pattern for patient 1 (Confidence: 0.8)
[ACmK Training] Learned from clinical observation: threshold for patient 1 (Confidence: 0.95)
[ACmK Training] Learned from clinical observation: pattern for patient 1 (Confidence: 0.8)
[ACmK Training] Learned from clinical observation: threshold for patient 1 (Confidence: 0.95)
[ACmK Training] Learned from clinical observation: pattern for patient 1 (Confidence: 0.8)
[ACmK Training] Learned from clinical observation: threshold for patient 1 (Confidence: 0.95)
[ACmK Training] Learned from clinical observation: pattern for patient 1 (Confidence: 0.8)
[ACmK Training] Learned from clinical observation: threshold for patient 1 (Confidence: 0.95)
[ACmK Training] Learned from clinical observation: pattern for patient 1 (Confidence: 0.8)
[ACmK Training] Learned from clinical observation: threshold for patient 1 (Confidence: 0.95)
[ACmK Training] Learned from clinical observation: pattern for patient 1 (Confidence: 0.8)
[ACmK Training] Learned from clinical observation: threshold for patient 1 (Confidence: 0.95)
[ACmK Training] Learned from clinical observation: pattern for patient 1 (Confidence: 0.8)
[ACmK Training] Learned from clinical observation: threshold for patient 1 (Confidence: 0.95)
[ACmK Training] Learned from clinical observation: pattern for patient 1 (Confidence: 0.8)
[ACmK Training] Learned from clinical observation: threshold for patient 1 (Confidence: 0.95)
[ACmK Training] Learned from clinical observation: pattern for patient 1 (Confidence: 0.8)
[ACmK Training] Learned from clinical observation: threshold for patient 1 (Confidence: 0.95)
[ACmK Training] Learned from clinical observation: pattern for patient 1 (Confidence: 0.8)
[ACmK Training] Learned from clinical observation: threshold for patient 1 (Confidence: 0.95)
[ACmK Training] Learned from clinical observation: pattern for patient 1 (Confidence: 0.8)
[ACmK Training] Learned from clinical observation: threshold for patient 1 (Confidence: 0.95)
[ACmK Training] Learned from clinical observation: pattern for patient 1 (Confidence: 0.8)
[ACmK Training] Learned from clinical observation: threshold for patient 1 (Confidence: 0.95)
[ACmK Training] Learned from clinical observation: pattern for patient 1 (Confidence: 0.8)
[ACmK Training] Learned from clinical observation: threshold for patient 1 (Confidence: 0.95)
[ACmK Training] Learned from clinical observation: pattern for patient 1 (Confidence: 0.8)
[ACmK Training] Learned from clinical observation: threshold for patient 1 (Confidence: 0.95)
[ACmK Training] Learned from clinical observation: pattern for patient 1 (Confidence: 0.8)
[ACmK Training] Learned from clinical observation: threshold for patient 1 (Confidence: 0.95)
[ACmK Training] Learned from clinical observation: pattern for patient 1 (Confidence: 0.8)
[ACmK Training] Learned from clinical observation: threshold for patient 1 (Confidence: 0.95)
[ACmK Training] Learned from clinical observation: pattern for patient 1 (Confidence: 0.8)
[ACmK Training] Learned from clinical observation: threshold for patient 1 (Confidence: 0.95)
[ACmK Training] Learned from clinical observation: pattern for patient 1 (Confidence: 0.8)
[ACmK Training] Learned from clinical observation: threshold for patient 1 (Confidence: 0.95)
[ACmK Training] Learned from clinical observation: pattern for patient 1 (Confidence: 0.8)
[ACmK Training] Learned from clinical observation: threshold for patient 1 (Confidence: 0.95)
[ACmK Training] Learned from clinical observation: pattern for patient 1 (Confidence: 0.8)
[ACmK Training] Learned from clinical observation: threshold for patient 1 (Confidence: 0.95)
[ACmK Training] Learned from clinical observation: pattern for patient 1 (Confidence: 0.8)
[ACmK Training] Learned from clinical observation: threshold for patient 1 (Confidence: 0.95)
[ACmK Training] Learned from clinical observation: pattern for patient 1 (Confidence: 0.8)
[ACmK Training] Learned from clinical observation: threshold for patient 1 (Confidence: 0.95)
[ACmK Training] Learned from clinical observation: pattern for patient 1 (Confidence: 0.8)
